Team,GP,W,L,MIN,OFFRTG,DEFRTG,NETRTG,AST%,AST/TO,AST Ratio,OREB%,DREB%,REB%,TOV%,EFG%,TS%,PACE,PACE/40,PIE,Season Type,Season
LOS ANGELES SPARKS,28,14,14,1134.0,94.5,91.9,2.6,59.8,0.94,15.7,35.5,64.0,50.4,23.3,47.4,51.1,92.65,77.21,53.6,Regular,1997
UTAH STARZZ,28,7,21,1130.0,84.4,98.3,-13.9,63.7,0.82,14.2,35.9,61.8,48.5,24.2,40.4,45.0,91.05,75.88,37.4,Regular,1997
NEW YORK LIBERTY,28,17,11,1135.0,89.4,86.3,3.1,68.4,0.9,16.0,37.2,62.3,49.7,25.0,44.0,48.2,90.44,75.37,54.1,Regular,1997
PHOENIX MERCURY,28,16,12,1124.0,90.8,85.9,5.0,66.6,0.92,14.7,36.0,64.8,49.5,22.4,41.1,47.2,90.35,75.29,54.7,Regular,1997
SACRAMENTO MONARCHS,28,10,18,1130.0,91.0,100.0,-9.0,55.0,0.71,13.4,40.1,60.7,50.2,26.2,44.2,48.7,90.01,75.01,39.5,Regular,1997
CLEVELAND ROCKERS,28,15,13,1135.0,92.9,90.6,2.3,62.9,0.87,15.7,35.2,65.9,51.3,24.9,46.4,51.5,89.44,74.54,53.3,Regular,1997
CHARLOTTE STING,28,15,13,1120.0,91.8,90.2,1.7,67.5,0.98,16.9,33.9,66.2,50.6,24.2,46.9,50.5,87.94,73.29,53.3,Regular,1997
HOUSTON COMETS,28,18,10,1130.0,97.8,89.2,8.6,54.8,0.78,13.6,38.0,62.2,50.0,24.0,47.2,52.3,87.42,72.85,56.0,Regular,1997
WASHINGTON MYSTICS,29,3,26,1165.0,83.8,103.2,-19.4,54.8,0.62,12.5,34.2,63.1,48.1,27.2,42.8,46.8,92.99,77.49,29.0,Regular,1998
UTAH STARZZ,30,8,22,1210.0,90.7,99.6,-8.9,61.9,0.89,15.3,32.4,65.2,49.1,23.5,45.4,49.7,91.42,76.18,42.9,Regular,1998
LOS ANGELES SPARKS,30,12,18,1205.0,93.6,95.5,-1.9,59.2,0.93,14.8,35.7,64.1,50.0,22.2,44.5,49.2,90.96,75.8,48.0,Regular,1998
DETROIT SHOCK,30,17,13,1200.0,93.3,92.5,0.8,56.0,0.88,14.0,35.8,68.5,52.0,21.9,43.7,48.4,89.68,74.73,49.9,Regular,1998
CHARLOTTE STING,30,18,12,1200.0,96.1,91.6,4.5,64.2,1.12,16.4,33.6,65.8,49.9,20.5,45.8,50.3,89.42,74.52,55.6,Regular,1998
CLEVELAND ROCKERS,30,20,10,1215.0,97.3,93.1,4.1,71.6,1.09,18.4,30.6,63.4,48.4,23.4,49.8,55.0,89.3,74.42,55.5,Regular,1998
PHOENIX MERCURY,30,19,11,1215.0,98.5,90.2,8.3,69.0,1.12,16.9,37.0,65.5,50.6,21.5,45.9,51.1,88.83,74.02,57.9,Regular,1998
NEW YORK LIBERTY,30,18,12,1210.0,93.2,89.5,3.7,67.7,1.02,16.5,36.0,68.1,51.7,22.7,45.1,49.9,87.37,72.81,54.4,Regular,1998
SACRAMENTO MONARCHS,29,7,22,1165.0,87.0,95.4,-8.4,63.2,0.88,15.1,37.0,65.0,50.5,24.2,42.6,46.3,87.06,72.55,41.4,Regular,1998
HOUSTON COMETS,30,27,3,1215.0,104.1,86.7,17.4,53.8,0.98,14.3,34.6,64.0,49.6,19.8,48.4,54.2,86.76,72.3,63.7,Regular,1998
SACRAMENTO MONARCHS,32,19,13,1280.0,99.0,93.3,5.6,58.9,0.98,14.6,39.5,65.0,52.0,21.0,45.5,50.3,90.68,75.56,55.1,Regular,1999
UTAH STARZZ,32,15,17,1300.0,97.2,102.2,-5.1,65.3,0.99,16.2,36.5,67.4,52.1,23.0,46.1,52.0,89.52,74.6,47.6,Regular,1999
LOS ANGELES SPARKS,32,20,12,1292.0,101.5,96.1,5.4,65.2,1.2,17.0,34.8,65.7,50.5,20.0,47.6,52.3,89.45,74.54,54.2,Regular,1999
DETROIT SHOCK,32,15,17,1295.0,92.9,95.6,-2.7,58.5,0.96,14.0,32.9,66.7,48.9,20.1,43.1,48.5,88.91,74.09,44.1,Regular,1999
CLEVELAND ROCKERS,32,7,25,1242.0,88.1,97.3,-9.2,63.9,0.9,15.5,33.9,65.4,49.8,23.9,43.8,48.1,86.01,71.67,42.7,Regular,1999
ORLANDO MIRACLE,32,15,17,1290.0,96.1,96.9,-0.8,58.9,0.9,14.7,36.1,62.1,49.0,22.7,46.6,51.0,85.23,71.02,48.4,Regular,1999
PHOENIX MERCURY,32,15,17,1275.0,96.2,96.0,0.2,67.1,1.11,16.0,36.1,64.2,49.9,20.4,43.4,49.1,85.01,70.84,49.9,Regular,1999
WASHINGTON MYSTICS,32,12,20,1295.0,92.0,97.9,-5.9,60.7,0.8,14.7,36.2,63.4,50.5,25.1,45.1,50.2,84.84,70.7,44.7,Regular,1999
HOUSTON COMETS,32,26,6,1285.0,104.4,91.4,13.1,59.3,1.1,15.8,35.1,63.1,49.9,19.9,48.6,54.1,84.66,70.55,61.9,Regular,1999
NEW YORK LIBERTY,32,18,14,1270.0,96.4,92.4,4.0,64.8,1.1,16.5,33.2,64.4,48.4,20.9,46.8,50.9,83.35,69.46,52.0,Regular,1999
CHARLOTTE STING,32,15,17,1285.0,95.8,97.2,-1.4,71.6,1.21,18.3,33.0,65.9,50.2,21.4,46.9,51.6,82.18,68.48,53.1,Regular,1999
MINNESOTA LYNX,32,15,17,1295.0,93.3,97.1,-3.7,70.2,1.2,16.9,34.5,64.6,48.6,20.0,44.0,47.7,80.71,67.26,44.1,Regular,1999
DETROIT SHOCK,32,14,18,1285.0,96.6,101.1,-4.5,57.9,0.95,15.0,37.6,62.3,49.7,22.0,45.7,50.9,89.95,74.96,46.3,Regular,2000
UTAH STARZZ,32,18,14,1280.0,100.6,101.3,-0.7,60.8,0.96,15.6,38.4,68.1,53.6,22.7,47.6,53.8,89.51,74.59,51.3,Regular,2000
LOS ANGELES SPARKS,32,28,4,1290.0,101.1,91.2,9.9,68.1,1.26,17.5,32.9,68.1,51.4,19.5,47.9,53.5,88.71,73.92,60.6,Regular,2000
PORTLAND FIRE,32,10,22,1305.0,91.2,98.0,-6.8,63.1,0.81,14.8,35.9,64.0,49.8,25.1,45.6,50.5,86.64,72.2,43.6,Regular,2000
SACRAMENTO MONARCHS,32,21,11,1280.0,102.4,95.4,7.0,64.7,1.24,17.0,40.1,62.6,51.2,20.1,47.5,51.4,85.69,71.41,56.7,Regular,2000
MINNESOTA LYNX,32,15,17,1285.0,96.4,95.9,0.5,64.3,1.0,15.9,31.0,65.0,47.7,21.8,47.6,52.4,85.11,70.93,48.6,Regular,2000
INDIANA FEVER,32,9,23,1285.0,97.2,100.6,-3.4,62.9,0.97,16.0,32.9,64.0,48.5,22.7,48.6,53.0,85.04,70.86,47.8,Regular,2000
CHARLOTTE STING,32,8,24,1295.0,95.5,106.0,-10.5,67.9,1.11,17.0,34.6,63.4,48.8,21.7,46.1,50.7,84.88,70.73,41.2,Regular,2000
HOUSTON COMETS,32,27,5,1295.0,109.1,90.8,18.4,55.4,1.12,15.8,35.1,66.9,52.2,19.4,51.6,56.9,84.21,70.18,64.1,Regular,2000
WASHINGTON MYSTICS,32,14,18,1280.0,97.8,99.8,-2.0,62.6,1.03,16.7,36.1,65.5,51.2,22.8,48.9,52.6,83.46,69.55,49.8,Regular,2000
ORLANDO MIRACLE,32,16,16,1260.0,97.7,99.4,-1.6,56.9,0.98,15.1,36.1,60.1,48.2,21.4,47.3,51.1,83.32,69.43,48.0,Regular,2000
PHOENIX MERCURY,32,20,12,1284.0,101.2,94.7,6.5,57.7,1.08,15.3,33.5,62.3,48.3,19.4,48.0,53.5,82.85,69.04,56.4,Regular,2000
CLEVELAND ROCKERS,32,17,15,1259.0,98.3,94.2,4.1,66.4,1.02,17.0,38.7,65.6,51.8,23.7,47.9,52.4,82.61,68.84,51.8,Regular,2000
NEW YORK LIBERTY,32,20,12,1285.0,98.0,92.5,5.5,60.2,1.01,15.7,34.0,65.0,49.8,21.6,47.4,52.0,82.05,68.37,54.7,Regular,2000
SEATTLE STORM,32,6,26,1295.0,83.1,98.1,-15.0,58.5,0.74,13.3,30.9,62.7,45.8,23.9,41.5,45.9,81.66,68.05,31.4,Regular,2000
MIAMI SOL,32,13,19,1295.0,84.8,92.5,-7.7,64.1,0.79,13.7,39.0,66.1,51.5,24.3,38.9,44.3,80.1,66.75,39.4,Regular,2000
LOS ANGELES SPARKS,32,28,4,1295.0,105.3,93.6,11.6,65.1,1.36,17.8,37.2,68.7,53.4,18.9,49.0,53.2,85.84,71.54,59.1,Regular,2001
SACRAMENTO MONARCHS,32,20,12,1305.0,99.0,92.4,6.6,66.7,1.13,16.8,37.8,64.8,51.7,21.3,46.5,51.1,85.2,71.0,56.4,Regular,2001
PHOENIX MERCURY,32,13,19,1290.0,90.1,95.0,-4.9,67.0,0.99,16.0,34.2,63.0,48.3,22.7,43.2,47.9,85.12,70.93,45.6,Regular,2001
ORLANDO MIRACLE,32,13,19,1290.0,93.5,96.6,-3.1,58.9,0.85,14.2,37.3,63.9,50.0,23.2,44.7,49.3,85.06,70.88,45.1,Regular,2001
PORTLAND FIRE,32,11,21,1305.0,90.2,95.3,-5.1,61.5,0.9,14.4,30.8,64.2,47.6,21.6,43.3,48.3,85.06,70.88,44.4,Regular,2001
UTAH STARZZ,32,19,13,1295.0,96.1,96.5,-0.4,64.6,1.06,16.4,34.7,67.0,52.0,21.5,46.0,51.4,84.66,70.55,53.0,Regular,2001
MINNESOTA LYNX,32,12,20,1295.0,91.7,94.8,-3.2,65.1,0.86,14.1,33.9,65.1,49.6,22.4,41.9,48.7,84.14,70.12,45.4,Regular,2001
INDIANA FEVER,32,10,22,1295.0,96.1,99.6,-3.5,60.1,0.93,15.0,32.9,64.6,48.7,21.9,46.1,51.7,83.38,69.48,46.5,Regular,2001
DETROIT SHOCK,32,10,22,1310.0,92.3,99.9,-7.6,60.6,0.94,14.9,34.4,67.6,49.9,21.9,44.2,48.9,83.36,69.47,42.9,Regular,2001
WASHINGTON MYSTICS,32,10,22,1300.0,86.4,92.7,-6.3,57.4,0.86,13.8,33.9,65.6,49.4,22.2,41.6,45.1,82.52,68.77,43.7,Regular,2001
NEW YORK LIBERTY,32,21,11,1280.0,99.0,95.4,3.6,66.4,1.27,18.1,30.4,65.7,48.3,20.0,49.9,52.8,81.84,68.2,54.9,Regular,2001
HOUSTON COMETS,32,19,13,1290.0,94.5,91.5,3.0,57.0,0.97,14.1,36.8,67.6,52.1,20.2,42.8,47.7,80.87,67.4,52.1,Regular,2001
SEATTLE STORM,32,10,22,1310.0,89.0,95.2,-6.2,59.8,0.96,13.9,32.5,63.0,46.7,20.0,41.4,46.0,78.98,65.82,41.3,Regular,2001
CHARLOTTE STING,32,18,14,1300.0,97.1,94.6,2.5,62.6,0.99,15.6,38.0,61.6,50.2,22.4,46.2,51.1,78.26,65.22,52.3,Regular,2001
MIAMI SOL,32,20,12,1315.0,91.7,88.7,3.0,61.9,1.04,15.7,33.4,65.4,49.4,21.0,43.8,48.1,78.02,65.02,54.4,Regular,2001
CLEVELAND ROCKERS,32,22,10,1285.0,96.5,85.9,10.6,65.9,1.13,16.9,37.1,66.8,52.3,21.4,46.1,50.3,77.68,64.73,61.1,Regular,2001
UTAH STARZZ,32,20,12,1290.0,100.3,98.5,1.8,56.7,0.92,14.4,38.3,64.6,52.1,21.7,46.4,53.0,89.12,74.26,53.5,Regular,2002
LOS ANGELES SPARKS,32,25,7,1295.0,101.9,93.1,8.8,65.4,1.13,17.1,36.1,68.2,53.0,21.5,49.4,53.6,89.07,74.22,57.7,Regular,2002
DETROIT SHOCK,32,9,23,1290.0,91.2,97.7,-6.5,62.4,0.88,14.7,38.0,66.0,52.0,23.3,42.8,47.9,86.25,71.88,45.5,Regular,2002
PORTLAND FIRE,32,16,16,1295.0,94.8,97.0,-2.2,59.3,1.0,15.3,35.3,64.1,49.4,21.3,45.8,49.9,85.45,71.21,47.7,Regular,2002
PHOENIX MERCURY,32,11,21,1280.0,92.4,100.6,-8.2,53.8,0.85,13.9,33.4,64.4,48.5,22.1,44.6,49.2,85.16,70.97,42.1,Regular,2002
SACRAMENTO MONARCHS,32,14,18,1315.0,93.4,98.3,-4.9,64.1,1.1,15.5,33.5,62.2,47.6,19.7,43.0,48.5,84.9,70.75,45.7,Regular,2002
ORLANDO MIRACLE,32,16,16,1305.0,99.0,98.6,0.4,55.2,0.98,14.3,34.5,60.4,47.2,20.0,46.0,51.3,83.92,69.93,48.2,Regular,2002
SEATTLE STORM,32,17,15,1290.0,97.4,93.9,3.5,64.7,1.08,16.1,37.1,64.1,50.0,21.2,45.4,50.0,83.48,69.57,50.9,Regular,2002
WASHINGTON MYSTICS,32,17,15,1283.0,96.6,95.6,1.0,64.0,1.13,16.6,34.2,66.5,50.5,20.6,46.5,50.3,82.27,68.56,52.0,Regular,2002
MINNESOTA LYNX,32,10,22,1295.0,91.8,96.2,-4.5,64.1,0.88,15.3,36.7,64.8,50.7,24.2,45.6,49.4,80.97,67.47,45.2,Regular,2002
INDIANA FEVER,32,16,16,1285.0,96.9,98.3,-1.3,61.1,1.02,14.9,34.2,64.3,48.7,20.2,45.0,50.4,80.85,67.38,49.8,Regular,2002
HOUSTON COMETS,32,24,8,1285.0,96.0,87.3,8.6,59.6,0.99,15.2,33.4,66.2,50.8,21.1,45.5,50.9,80.78,67.32,59.8,Regular,2002
MIAMI SOL,32,15,17,1295.0,94.2,96.3,-2.1,61.5,1.09,15.7,33.6,64.3,48.1,20.0,45.2,49.0,80.45,67.04,46.8,Regular,2002
CLEVELAND ROCKERS,32,10,22,1303.0,95.1,97.9,-2.7,63.3,1.06,15.9,34.0,68.8,51.3,20.7,45.0,50.2,79.9,66.59,48.2,Regular,2002
CHARLOTTE STING,32,18,14,1290.0,104.4,99.4,5.0,64.4,1.22,16.4,35.0,65.2,50.2,19.0,48.9,53.8,79.83,66.53,52.4,Regular,2002
NEW YORK LIBERTY,32,18,14,1290.0,98.2,94.8,3.4,64.2,1.08,16.7,34.0,63.8,49.4,21.5,48.5,52.5,79.11,65.92,53.4,Regular,2002
DETROIT SHOCK,34,25,9,1380.0,99.4,93.6,5.8,60.4,0.9,15.2,38.8,65.1,52.9,23.7,48.1,53.4,89.2,74.33,58.5,Regular,2003
LOS ANGELES SPARKS,34,24,10,1380.0,99.0,96.9,2.2,65.7,1.25,16.7,32.4,67.4,50.2,18.6,45.8,51.2,87.53,72.94,52.8,Regular,2003
SAN ANTONIO SILVER STARS,34,12,22,1365.0,89.1,98.0,-8.9,54.0,0.83,12.7,33.5,63.7,48.8,20.6,40.5,46.3,87.23,72.69,41.1,Regular,2003
CONNECTICUT SUN,34,18,16,1375.0,97.9,98.5,-0.6,60.2,1.2,15.4,32.7,65.0,48.9,17.8,45.3,50.0,85.2,71.0,49.3,Regular,2003
SACRAMENTO MONARCHS,34,19,15,1365.0,95.1,92.0,3.2,65.9,1.23,16.5,35.5,64.4,49.5,19.1,44.5,48.2,84.87,70.73,52.9,Regular,2003
WASHINGTON MYSTICS,34,9,25,1375.0,96.2,103.1,-6.9,63.4,1.23,16.4,35.5,65.1,49.5,19.1,44.5,48.3,84.58,70.49,42.7,Regular,2003
MINNESOTA LYNX,34,18,16,1370.0,99.5,98.3,1.1,66.3,1.04,16.9,38.2,65.0,52.0,23.3,48.8,52.9,84.14,70.12,51.8,Regular,2003
PHOENIX MERCURY,34,8,26,1385.0,87.6,94.5,-6.9,57.6,0.96,13.9,33.9,64.8,47.7,20.0,41.0,44.8,83.12,69.27,41.1,Regular,2003
SEATTLE STORM,34,18,16,1370.0,100.9,96.5,4.4,61.6,1.18,16.5,35.4,65.4,50.8,19.7,47.6,52.0,82.72,68.93,53.6,Regular,2003
CLEVELAND ROCKERS,34,17,17,1365.0,96.5,95.3,1.2,63.4,1.11,15.9,35.8,68.0,51.4,20.2,44.7,49.4,81.35,67.79,49.8,Regular,2003
INDIANA FEVER,34,16,18,1375.0,100.8,99.7,1.1,64.2,1.14,16.4,36.7,64.4,50.1,20.4,46.9,51.8,81.09,67.58,49.3,Regular,2003
HOUSTON COMETS,34,20,14,1365.0,97.4,93.3,4.1,56.2,1.03,14.9,31.3,68.4,50.7,19.5,46.2,51.5,80.84,67.37,55.3,Regular,2003
NEW YORK LIBERTY,34,16,18,1370.0,97.4,97.7,-0.4,63.9,1.12,16.6,30.7,64.6,48.0,20.4,47.6,51.9,80.78,67.31,50.2,Regular,2003
CHARLOTTE STING,34,18,16,1370.0,99.6,98.8,0.8,63.4,1.0,15.8,38.6,60.0,49.6,22.3,46.8,51.8,77.94,64.95,49.9,Regular,2003
LOS ANGELES SPARKS,34,25,9,1395.0,97.7,92.8,4.9,69.2,1.18,17.5,32.0,67.3,50.5,20.7,47.5,52.3,87.74,73.12,55.9,Regular,2004
DETROIT SHOCK,34,17,17,1370.0,94.9,96.0,-1.1,64.5,1.1,15.9,38.2,67.8,52.7,20.6,43.2,48.4,87.1,72.58,51.4,Regular,2004
WASHINGTON MYSTICS,34,17,17,1370.0,96.7,98.1,-1.4,53.5,1.1,14.2,32.6,66.0,48.8,17.6,44.3,48.9,84.7,70.58,47.3,Regular,2004
SEATTLE STORM,34,20,14,1365.0,101.2,94.2,6.9,63.2,1.11,16.2,36.4,65.9,51.0,20.7,47.2,52.5,84.61,70.51,55.7,Regular,2004
MINNESOTA LYNX,34,18,16,1370.0,90.2,91.9,-1.7,68.6,0.86,15.7,35.7,66.4,51.3,25.5,45.0,49.6,83.81,69.84,47.6,Regular,2004
CONNECTICUT SUN,34,18,16,1380.0,97.6,96.2,1.4,65.3,1.24,17.0,33.1,67.7,50.1,19.3,46.3,50.5,83.27,69.39,51.1,Regular,2004
SAN ANTONIO SILVER STARS,34,9,25,1375.0,92.4,99.8,-7.4,60.7,0.96,15.2,32.1,65.1,48.4,21.6,43.9,49.4,82.75,68.96,45.0,Regular,2004
PHOENIX MERCURY,34,17,17,1365.0,98.4,95.2,3.2,60.7,1.08,15.8,29.7,64.8,47.2,19.9,48.0,52.6,82.36,68.63,51.4,Regular,2004
SACRAMENTO MONARCHS,34,18,16,1380.0,97.9,94.8,3.1,59.4,1.07,15.4,39.3,64.8,51.4,20.5,45.3,49.4,82.17,68.48,52.0,Regular,2004
NEW YORK LIBERTY,34,18,16,1380.0,95.5,97.7,-2.2,65.8,1.07,16.6,30.7,65.0,48.8,21.5,48.0,52.0,81.88,68.23,48.7,Regular,2004
HOUSTON COMETS,34,13,21,1370.0,93.4,94.9,-1.5,56.5,0.93,14.2,33.1,66.6,50.1,20.7,44.5,49.4,81.67,68.06,49.2,Regular,2004
INDIANA FEVER,34,15,19,1370.0,95.9,97.4,-1.5,70.2,1.14,16.7,38.8,67.4,52.3,21.2,43.5,48.5,80.5,67.08,48.1,Regular,2004
CHARLOTTE STING,34,16,18,1380.0,95.7,99.1,-3.4,57.2,0.89,14.5,31.9,60.0,46.7,21.9,47.5,52.2,76.07,63.39,45.9,Regular,2004
SEATTLE STORM,34,20,14,1365.0,100.4,96.9,3.5,57.4,1.01,15.2,35.2,67.3,51.9,20.7,47.3,52.7,87.4,72.84,52.1,Regular,2005
DETROIT SHOCK,34,16,18,1385.0,90.5,92.0,-1.5,57.0,0.83,13.6,38.2,71.5,54.2,23.0,42.2,46.8,86.11,71.75,47.2,Regular,2005
LOS ANGELES SPARKS,34,17,17,1360.0,96.0,96.8,-0.7,63.1,1.12,16.3,33.5,64.8,48.9,20.3,45.8,50.1,85.5,71.25,48.5,Regular,2005
PHOENIX MERCURY,34,16,18,1360.0,97.6,97.6,0.0,66.5,1.06,16.2,35.1,65.3,50.2,21.4,45.9,51.4,85.29,71.07,51.1,Regular,2005
CONNECTICUT SUN,34,26,8,1360.0,101.9,93.5,8.4,62.6,1.27,17.0,32.3,67.0,50.6,18.6,48.4,53.1,85.22,71.01,57.9,Regular,2005
SACRAMENTO MONARCHS,34,25,9,1360.0,97.4,87.7,9.6,61.8,1.05,15.7,36.8,67.7,51.6,20.9,46.2,50.6,84.32,70.26,58.3,Regular,2005
MINNESOTA LYNX,34,14,20,1370.0,93.0,96.6,-3.6,66.3,0.99,16.0,33.8,65.3,49.6,22.5,45.6,50.0,83.14,69.28,48.0,Regular,2005
SAN ANTONIO SILVER STARS,34,7,27,1360.0,91.5,102.0,-10.4,56.7,0.81,13.9,30.3,63.9,47.8,22.9,44.7,50.5,82.84,69.03,40.9,Regular,2005
WASHINGTON MYSTICS,34,16,18,1380.0,96.8,98.3,-1.5,61.0,1.19,16.2,29.3,69.3,48.6,18.6,47.6,51.2,81.43,67.86,47.1,Regular,2005
HOUSTON COMETS,34,19,15,1375.0,99.5,97.8,1.7,54.3,1.1,14.8,32.4,66.8,49.8,18.3,46.4,51.9,80.88,67.4,53.0,Regular,2005
CHARLOTTE STING,34,6,28,1385.0,90.0,99.9,-9.9,63.9,0.92,15.2,35.0,61.6,47.8,23.0,43.1,47.9,80.82,67.35,40.8,Regular,2005
INDIANA FEVER,34,21,13,1385.0,94.1,92.0,2.1,62.9,1.03,15.3,34.8,67.1,50.0,20.7,43.9,48.9,80.11,66.76,52.3,Regular,2005
NEW YORK LIBERTY,34,18,16,1385.0,101.2,99.3,1.9,60.1,1.08,16.0,29.1,64.9,48.2,20.2,50.1,55.1,79.54,66.28,51.7,Regular,2005
PHOENIX MERCURY,33,17,16,1335.0,106.3,103.3,3.0,59.2,1.44,16.6,31.7,61.8,46.9,15.9,49.9,54.2,97.02,80.85,51.7,Regular,2006
CHARLOTTE STING,34,11,23,1365.0,90.8,95.2,-4.4,61.0,0.92,14.3,32.4,63.8,47.5,21.2,43.7,48.7,95.03,79.19,45.5,Regular,2006
WASHINGTON MYSTICS,34,18,16,1370.0,102.3,98.6,3.7,56.7,1.06,15.7,33.7,66.5,50.2,20.2,50.5,54.6,94.21,78.51,52.4,Regular,2006
MINNESOTA LYNX,34,10,24,1365.0,95.2,102.9,-7.7,52.0,0.93,13.7,33.6,65.0,49.5,20.0,46.1,50.2,93.31,77.76,42.0,Regular,2006
CONNECTICUT SUN,34,26,8,1375.0,100.6,90.8,9.8,64.2,1.22,17.0,33.2,68.7,52.1,19.3,48.2,53.4,93.02,77.51,60.0,Regular,2006
SEATTLE STORM,34,18,16,1360.0,100.6,98.2,2.5,53.5,0.9,14.5,35.1,66.5,51.6,21.7,49.0,54.2,92.61,77.18,52.4,Regular,2006
SAN ANTONIO SILVER STARS,34,13,21,1362.0,96.3,99.0,-2.8,59.0,1.11,15.0,32.9,66.7,49.5,18.6,44.8,49.5,92.51,77.09,46.8,Regular,2006
DETROIT SHOCK,34,23,11,1365.0,96.2,90.8,5.4,62.2,1.06,15.4,37.9,70.2,54.0,20.5,44.5,49.6,92.36,76.97,55.6,Regular,2006
LOS ANGELES SPARKS,34,25,9,1373.0,97.5,94.0,3.5,63.4,1.14,16.5,35.8,66.1,51.4,20.2,46.4,51.2,92.21,76.84,54.6,Regular,2006
HOUSTON COMETS,34,18,16,1385.0,95.3,93.0,2.3,57.3,0.94,15.0,32.1,67.9,50.9,21.5,48.3,52.3,91.23,76.03,52.7,Regular,2006
CHICAGO SKY,34,5,29,1360.0,89.9,104.2,-14.3,59.3,0.97,14.5,32.9,61.7,46.5,20.4,43.1,47.2,91.08,75.9,37.5,Regular,2006
SACRAMENTO MONARCHS,34,21,13,1375.0,97.8,92.9,5.0,55.4,0.94,14.0,39.4,66.0,52.0,20.9,45.5,50.4,90.43,75.36,53.1,Regular,2006
INDIANA FEVER,34,21,13,1370.0,94.6,90.2,4.4,57.4,0.95,14.3,34.1,67.8,50.2,20.5,44.7,49.9,90.1,75.08,54.1,Regular,2006
NEW YORK LIBERTY,33,11,22,1330.0,91.7,102.9,-11.2,57.6,0.82,13.7,31.2,64.8,47.7,22.4,45.0,50.4,89.86,74.89,41.3,Regular,2006
PHOENIX MERCURY,34,23,11,1370.0,104.4,100.0,4.4,64.3,1.41,17.3,26.8,61.9,45.2,16.8,49.8,55.0,101.66,84.72,54.2,Regular,2007
DETROIT SHOCK,34,24,10,1370.0,98.3,92.3,6.0,57.9,1.0,14.9,35.5,70.3,53.4,20.5,46.5,51.8,96.3,80.25,55.8,Regular,2007
LOS ANGELES SPARKS,34,10,24,1380.0,92.5,98.7,-6.2,58.9,0.97,14.7,33.8,66.3,49.6,20.8,44.3,49.0,95.37,79.48,42.5,Regular,2007
CONNECTICUT SUN,34,18,16,1358.0,97.7,94.2,3.5,62.1,1.15,16.4,33.2,68.7,51.1,19.7,47.1,51.5,94.98,79.15,53.2,Regular,2007
MINNESOTA LYNX,34,10,24,1375.0,96.9,101.1,-4.2,61.4,1.06,15.5,38.2,67.6,52.0,20.6,44.7,49.7,94.97,79.14,45.0,Regular,2007
WASHINGTON MYSTICS,34,16,18,1380.0,94.9,97.1,-2.2,53.8,0.83,13.0,33.5,64.3,48.9,21.0,44.2,50.9,94.66,78.88,47.9,Regular,2007
HOUSTON COMETS,34,13,21,1332.0,94.3,98.0,-3.7,60.8,0.89,15.0,38.4,65.1,51.8,23.4,45.3,50.7,94.38,78.65,48.3,Regular,2007
SEATTLE STORM,34,17,17,1365.0,102.4,99.1,3.3,55.3,1.0,14.7,34.4,66.3,50.8,20.0,48.7,54.1,93.94,78.29,51.6,Regular,2007
NEW YORK LIBERTY,34,16,18,1370.0,91.4,94.7,-3.3,57.5,0.82,14.3,29.1,64.7,47.5,23.2,47.5,51.5,92.53,77.11,47.0,Regular,2007
INDIANA FEVER,34,21,13,1375.0,93.8,89.6,4.2,56.3,0.87,14.3,33.9,64.9,49.7,22.3,46.2,50.9,92.3,76.92,54.7,Regular,2007
CHICAGO SKY,34,14,20,1342.0,94.7,98.8,-4.0,64.8,1.17,16.0,35.0,63.9,48.9,19.3,45.0,48.9,91.73,76.44,47.0,Regular,2007
SACRAMENTO MONARCHS,34,19,15,1336.0,95.8,94.9,0.8,59.4,0.87,14.3,42.1,64.7,52.9,23.3,44.0,49.7,91.24,76.03,50.7,Regular,2007
SAN ANTONIO SILVER STARS,34,20,14,1375.0,96.7,95.6,1.1,61.4,1.02,15.8,34.0,63.6,48.9,21.4,47.2,51.8,90.75,75.62,51.4,Regular,2007
PHOENIX MERCURY,34,16,18,1365.0,104.7,104.2,0.4,52.4,1.15,14.3,33.9,62.9,48.7,17.0,47.6,53.3,101.33,84.44,49.2,Regular,2008
ATLANTA DREAM,34,4,30,1365.0,91.7,104.5,-12.7,55.0,0.83,13.3,32.2,61.5,46.3,21.5,44.1,49.2,97.02,80.85,37.7,Regular,2008
MINNESOTA LYNX,34,16,18,1380.0,99.9,98.3,1.5,56.2,1.18,14.8,33.2,65.6,49.0,17.0,45.9,51.6,96.31,80.26,50.4,Regular,2008
SACRAMENTO MONARCHS,34,18,16,1360.0,95.9,96.8,-0.8,53.6,0.81,13.1,37.8,65.6,51.0,22.1,44.8,50.5,93.71,78.09,46.9,Regular,2008
DETROIT SHOCK,34,22,12,1375.0,99.7,94.2,5.5,62.0,1.22,16.0,36.5,68.3,52.2,18.5,46.1,50.9,93.54,77.95,56.9,Regular,2008
CONNECTICUT SUN,34,21,13,1370.0,101.0,95.3,5.7,62.9,1.25,16.2,34.5,67.8,51.1,18.3,47.0,51.6,93.39,77.82,53.6,Regular,2008
LOS ANGELES SPARKS,34,20,14,1400.0,95.2,92.8,2.4,64.3,1.01,16.0,37.4,66.1,52.4,22.3,45.8,50.7,93.38,77.81,55.3,Regular,2008
WASHINGTON MYSTICS,34,10,24,1365.0,89.7,98.4,-8.8,54.6,0.76,13.5,35.2,68.1,51.1,24.1,45.4,48.9,92.89,77.41,39.6,Regular,2008
HOUSTON COMETS,34,17,17,1385.0,95.8,97.4,-1.6,60.0,0.93,14.9,37.6,65.6,51.5,22.4,45.2,50.6,92.69,77.24,49.8,Regular,2008
SAN ANTONIO SILVER STARS,34,24,10,1370.0,96.7,92.1,4.5,66.7,1.14,16.9,28.9,65.0,48.3,19.9,47.7,53.4,92.14,76.78,56.8,Regular,2008
NEW YORK LIBERTY,34,19,15,1380.0,97.2,96.0,1.2,60.4,1.01,15.2,32.6,66.7,49.6,20.7,48.0,52.4,92.0,76.67,50.0,Regular,2008
INDIANA FEVER,34,17,17,1390.0,93.1,92.9,0.3,57.1,0.85,13.9,34.0,65.8,49.5,22.0,45.4,50.1,91.53,76.27,48.9,Regular,2008
SEATTLE STORM,34,22,12,1360.0,96.6,93.1,3.6,59.0,1.01,15.0,34.4,65.9,50.7,20.4,46.0,51.2,91.15,75.96,54.1,Regular,2008
CHICAGO SKY,34,12,22,1375.0,95.7,96.5,-0.8,60.7,1.04,15.4,33.4,63.4,48.6,20.2,45.6,50.5,90.47,75.4,50.1,Regular,2008
PHOENIX MERCURY,34,23,11,1370.0,108.8,104.2,4.7,55.5,1.25,15.9,32.2,63.7,49.1,17.2,51.3,56.8,100.96,84.13,53.1,Regular,2009
ATLANTA DREAM,34,18,16,1390.0,99.5,96.6,2.9,50.2,0.93,13.9,36.5,65.5,51.1,20.5,47.2,51.8,99.64,83.04,50.3,Regular,2009
MINNESOTA LYNX,34,14,20,1375.0,100.3,103.5,-3.2,53.6,0.99,13.9,32.5,65.2,48.3,18.8,47.4,52.6,95.2,79.33,46.4,Regular,2009
WASHINGTON MYSTICS,34,16,18,1375.0,94.7,96.4,-1.7,48.6,0.75,12.3,37.1,67.2,51.7,22.2,45.5,50.3,95.13,79.27,47.6,Regular,2009
CONNECTICUT SUN,34,16,18,1395.0,96.7,96.5,0.2,62.9,1.34,16.1,30.5,67.3,48.0,16.5,44.8,49.4,94.5,78.75,49.1,Regular,2009
DETROIT SHOCK,34,18,16,1395.0,97.3,97.2,0.1,58.7,1.05,15.3,35.9,68.0,52.0,20.0,46.4,51.1,93.68,78.06,51.0,Regular,2009
SACRAMENTO MONARCHS,34,12,22,1370.0,98.0,101.2,-3.2,57.1,0.92,14.6,39.3,65.1,52.0,21.9,46.1,51.8,93.25,77.71,48.8,Regular,2009
INDIANA FEVER,34,22,12,1375.0,96.5,93.3,3.2,59.2,0.99,14.3,33.3,66.0,49.1,19.7,44.8,51.1,93.05,77.54,52.7,Regular,2009
CHICAGO SKY,34,16,18,1365.0,98.3,102.9,-4.6,57.2,1.0,15.0,32.2,64.2,48.5,20.3,47.9,52.7,92.06,76.72,46.9,Regular,2009
NEW YORK LIBERTY,34,13,21,1380.0,95.4,96.2,-0.7,58.4,0.97,14.9,29.8,66.5,48.1,20.6,47.4,51.8,91.62,76.35,48.5,Regular,2009
SAN ANTONIO SILVER STARS,34,15,19,1390.0,99.4,101.2,-1.8,63.9,1.17,16.5,31.4,64.1,48.0,19.3,48.6,53.0,90.82,75.68,49.6,Regular,2009
LOS ANGELES SPARKS,34,18,16,1385.0,96.8,95.6,1.2,60.3,1.03,15.9,39.2,68.5,54.3,21.7,46.3,50.5,90.59,75.49,53.5,Regular,2009
SEATTLE STORM,34,20,14,1405.0,97.4,95.0,2.5,59.0,0.97,15.1,33.8,65.1,49.8,21.3,47.0,52.4,89.13,74.28,52.4,Regular,2009
PHOENIX MERCURY,34,15,19,1390.0,108.4,108.3,0.1,59.6,1.32,17.2,29.0,66.4,48.8,17.6,52.5,57.8,101.7,84.75,50.4,Regular,2010
ATLANTA DREAM,34,19,15,1370.0,100.2,97.6,2.7,61.3,1.17,16.2,38.0,67.9,52.7,19.6,47.1,51.5,101.47,84.55,51.6,Regular,2010
TULSA SHOCK,34,6,28,1365.0,93.2,107.2,-14.0,57.6,0.92,14.8,32.1,62.7,46.7,21.7,46.6,50.5,100.06,83.38,39.4,Regular,2010
MINNESOTA LYNX,34,13,21,1385.0,96.4,100.5,-4.1,53.7,1.03,13.4,35.1,68.5,50.5,17.8,43.3,48.9,96.23,80.19,44.8,Regular,2010
CONNECTICUT SUN,34,17,17,1380.0,100.5,98.9,1.7,59.9,1.21,16.0,33.1,68.0,50.5,18.2,47.3,52.0,95.39,79.49,50.9,Regular,2010
LOS ANGELES SPARKS,34,13,21,1365.0,99.2,103.2,-4.0,64.4,1.26,17.2,28.0,65.1,47.1,18.6,48.6,53.5,94.0,78.33,49.1,Regular,2010
INDIANA FEVER,34,21,13,1375.0,100.5,94.9,5.7,60.3,1.03,15.6,33.4,64.7,49.2,20.8,48.9,54.0,92.53,77.11,54.7,Regular,2010
SAN ANTONIO SILVER STARS,34,14,20,1360.0,99.7,104.1,-4.4,61.6,1.15,16.9,29.1,66.3,47.9,19.9,50.7,54.8,92.35,76.96,47.7,Regular,2010
SEATTLE STORM,34,28,6,1380.0,105.5,95.5,10.0,64.1,1.21,17.0,38.1,68.9,53.7,19.9,50.0,54.9,91.57,76.3,57.8,Regular,2010
WASHINGTON MYSTICS,34,22,12,1370.0,100.0,95.8,4.3,50.0,0.8,13.4,37.6,70.4,54.3,22.5,48.9,54.1,91.36,76.13,52.7,Regular,2010
NEW YORK LIBERTY,34,22,12,1375.0,103.0,98.7,4.3,63.0,1.28,17.4,32.3,66.9,49.7,18.9,50.5,54.8,91.32,76.1,52.9,Regular,2010
CHICAGO SKY,34,14,20,1375.0,99.0,100.2,-1.1,61.7,1.17,16.2,32.5,65.1,48.8,19.0,47.7,52.3,91.06,75.88,49.9,Regular,2010
ATLANTA DREAM,34,20,14,1375.0,99.4,97.3,2.1,57.8,1.23,15.8,37.3,66.4,51.5,18.1,46.1,50.3,98.5,82.08,52.3,Regular,2011
PHOENIX MERCURY,34,19,15,1375.0,107.3,103.7,3.5,61.4,1.24,16.9,31.9,67.7,50.8,18.6,51.3,57.2,98.41,82.01,53.0,Regular,2011
CONNECTICUT SUN,34,21,13,1385.0,99.9,95.6,4.3,57.7,1.31,15.5,31.7,68.2,49.8,16.4,46.6,50.9,94.61,78.84,52.3,Regular,2011
SAN ANTONIO SILVER STARS,34,18,16,1370.0,98.7,96.1,2.6,63.7,1.42,17.0,25.8,67.7,46.4,16.2,48.0,52.1,93.65,78.04,51.3,Regular,2011
CHICAGO SKY,34,14,20,1370.0,95.4,96.2,-0.8,60.1,0.95,15.6,33.8,66.3,50.6,22.6,47.6,52.1,92.92,77.43,49.7,Regular,2011
MINNESOTA LYNX,34,27,7,1360.0,105.5,95.4,10.2,57.4,1.41,16.6,36.2,71.1,53.7,16.7,49.7,53.3,92.66,77.22,58.3,Regular,2011
TULSA SHOCK,34,3,31,1365.0,89.5,106.2,-16.7,57.9,0.84,14.0,31.5,68.5,48.8,22.1,43.5,48.8,92.41,77.01,36.5,Regular,2011
NEW YORK LIBERTY,34,19,15,1370.0,98.5,96.9,1.6,53.5,1.06,14.8,34.9,65.1,49.6,19.2,47.6,51.1,91.92,76.6,50.2,Regular,2011
LOS ANGELES SPARKS,34,15,19,1380.0,99.5,103.8,-4.3,63.4,1.2,17.1,30.0,65.3,48.3,19.6,49.9,53.9,91.62,76.35,48.9,Regular,2011
INDIANA FEVER,34,21,13,1365.0,102.0,96.9,5.0,59.4,1.11,15.8,32.0,63.2,48.2,19.4,49.6,54.6,91.09,75.91,54.6,Regular,2011
WASHINGTON MYSTICS,34,6,28,1375.0,93.2,103.6,-10.5,54.2,0.83,13.4,37.6,66.5,51.1,22.3,44.5,49.1,90.22,75.19,39.9,Regular,2011
SEATTLE STORM,34,21,13,1360.0,97.2,94.8,2.4,61.1,1.0,16.0,32.3,68.5,51.1,21.8,49.0,53.5,88.43,73.69,51.4,Regular,2011
PHOENIX MERCURY,34,7,27,1370.0,91.6,106.8,-15.2,50.5,0.83,12.4,35.5,65.2,49.9,20.3,42.4,47.2,96.82,80.69,38.0,Regular,2012
LOS ANGELES SPARKS,34,24,10,1365.0,104.2,97.0,7.2,57.0,1.1,15.8,36.4,64.6,51.3,20.1,50.0,54.6,96.4,80.34,56.0,Regular,2012
ATLANTA DREAM,34,19,15,1385.0,97.0,93.3,3.7,61.1,1.1,16.0,35.0,67.0,50.9,20.3,46.5,50.9,95.57,79.64,53.4,Regular,2012
TULSA SHOCK,34,9,25,1375.0,96.4,104.9,-8.5,55.9,1.04,14.2,30.7,62.3,45.1,18.4,46.4,50.5,95.16,79.3,40.8,Regular,2012
CONNECTICUT SUN,34,25,9,1380.0,102.6,97.1,5.4,57.3,1.18,15.5,34.5,65.8,50.1,18.2,47.3,52.5,94.16,78.46,53.1,Regular,2012
MINNESOTA LYNX,34,27,7,1375.0,108.6,96.5,12.2,64.2,1.37,18.2,38.5,67.9,54.0,19.2,52.1,55.9,93.84,78.2,60.9,Regular,2012
SAN ANTONIO SILVER STARS,34,21,13,1370.0,105.6,98.9,6.7,62.7,1.45,17.4,31.8,66.4,49.1,16.8,50.0,54.1,92.64,77.2,54.8,Regular,2012
NEW YORK LIBERTY,34,15,19,1360.0,95.2,100.5,-5.3,55.0,0.96,14.8,34.9,64.5,49.7,21.3,46.9,50.1,92.14,76.78,45.7,Regular,2012
CHICAGO SKY,34,14,20,1390.0,96.7,97.1,-0.4,57.8,0.91,15.0,38.0,68.9,53.2,22.9,47.8,51.5,91.3,76.09,48.4,Regular,2012
WASHINGTON MYSTICS,34,5,29,1365.0,90.3,103.5,-13.1,60.1,0.93,14.9,34.9,64.1,48.9,22.1,44.6,48.6,90.58,75.49,40.2,Regular,2012
INDIANA FEVER,34,22,12,1370.0,103.1,95.5,7.6,60.5,1.21,15.7,34.5,63.3,48.7,18.0,47.8,53.0,90.34,75.28,55.9,Regular,2012
SEATTLE STORM,34,16,18,1365.0,94.6,94.8,-0.1,66.3,1.0,16.7,28.4,66.0,48.8,22.6,49.3,53.4,90.18,75.15,50.7,Regular,2012
ATLANTA DREAM,34,17,17,1370.0,95.5,93.6,1.9,56.6,1.1,15.0,33.5,67.0,49.9,18.8,44.9,49.2,95.91,79.93,51.3,Regular,2013
PHOENIX MERCURY,34,19,15,1365.0,99.7,100.5,-0.7,58.2,1.11,15.8,28.4,68.2,50.0,19.0,49.0,54.4,95.53,79.6,51.9,Regular,2013
LOS ANGELES SPARKS,34,24,10,1375.0,102.8,94.0,8.7,59.3,1.34,17.1,31.4,66.6,50.1,17.6,49.9,54.3,94.64,78.87,57.7,Regular,2013
WASHINGTON MYSTICS,34,17,17,1375.0,96.2,95.7,0.6,58.2,1.06,14.8,33.0,67.3,50.3,19.2,44.8,50.1,93.29,77.75,49.4,Regular,2013
CONNECTICUT SUN,34,10,24,1365.0,91.0,98.8,-7.8,50.1,0.97,13.1,32.6,64.9,48.1,18.2,43.0,46.8,93.13,77.61,43.5,Regular,2013
MINNESOTA LYNX,34,26,8,1365.0,106.6,94.7,11.8,62.9,1.69,18.6,33.7,69.2,52.3,15.6,50.2,54.1,92.89,77.41,60.7,Regular,2013
CHICAGO SKY,34,24,10,1365.0,102.3,95.1,7.2,53.7,1.19,14.3,35.5,68.4,52.3,16.5,45.5,51.4,92.69,77.25,56.5,Regular,2013
NEW YORK LIBERTY,34,11,23,1375.0,89.4,98.5,-9.0,57.0,0.93,14.4,34.6,69.0,52.1,21.3,43.1,47.2,92.6,77.16,43.4,Regular,2013
TULSA SHOCK,34,11,23,1390.0,98.3,100.7,-2.5,56.3,1.0,14.2,32.8,65.2,48.3,19.3,45.6,51.0,92.13,76.78,45.7,Regular,2013
SAN ANTONIO SILVER STARS,34,12,22,1365.0,93.9,101.3,-7.4,60.2,1.22,15.5,30.4,67.2,47.5,17.4,44.3,48.1,91.85,76.54,43.7,Regular,2013
SEATTLE STORM,34,17,17,1365.0,95.9,98.9,-3.0,54.9,0.88,14.0,31.3,68.3,50.0,21.2,47.0,52.4,88.46,73.71,45.2,Regular,2013
INDIANA FEVER,34,16,18,1375.0,95.5,95.8,-0.2,53.6,1.03,13.5,34.2,66.2,49.0,17.9,43.6,48.6,87.67,73.06,48.0,Regular,2013
ATLANTA DREAM,34,19,15,1395.0,97.6,95.5,2.1,63.5,1.21,16.7,35.4,68.5,51.6,19.4,46.4,50.6,96.43,80.36,52.4,Regular,2014
LOS ANGELES SPARKS,34,16,18,1385.0,97.2,97.7,-0.5,60.5,1.28,17.0,29.8,68.5,49.0,18.2,47.7,51.9,93.71,78.09,50.4,Regular,2014
CHICAGO SKY,34,15,19,1375.0,97.3,99.8,-2.6,57.1,1.14,15.4,31.2,65.3,49.0,18.3,46.0,51.2,92.98,77.48,49.1,Regular,2014
TULSA SHOCK,34,12,22,1383.0,103.1,106.1,-3.0,51.9,1.12,14.1,36.6,68.1,51.4,17.3,46.6,51.6,92.79,77.32,45.6,Regular,2014
PHOENIX MERCURY,34,29,5,1383.0,106.4,94.1,12.3,62.8,1.49,18.3,25.3,67.8,48.9,16.6,52.5,57.4,92.77,77.31,61.4,Regular,2014
MINNESOTA LYNX,34,25,9,1375.0,104.4,98.9,5.6,64.6,1.65,18.6,31.1,70.7,52.0,15.8,49.5,54.1,92.72,77.27,56.2,Regular,2014
CONNECTICUT SUN,34,13,21,1375.0,97.1,99.4,-2.4,48.0,0.94,13.0,37.6,65.8,50.8,18.9,44.6,48.6,92.53,77.11,44.7,Regular,2014
NEW YORK LIBERTY,34,15,19,1375.0,93.2,97.1,-3.9,58.1,1.11,15.3,30.7,70.2,50.5,18.7,44.5,49.1,91.88,76.57,47.4,Regular,2014
SAN ANTONIO STARS,34,16,18,1380.0,101.1,103.1,-2.0,63.0,1.44,17.2,29.5,68.6,48.0,16.4,47.9,52.2,91.1,75.91,48.0,Regular,2014
WASHINGTON MYSTICS,34,16,18,1395.0,96.6,95.9,0.8,61.1,1.1,15.9,33.3,67.5,51.1,20.1,46.5,51.0,90.0,75.0,50.9,Regular,2014
INDIANA FEVER,34,16,18,1380.0,98.0,99.1,-1.1,53.3,0.96,13.8,34.1,66.1,49.4,19.6,45.9,50.9,89.57,74.64,46.4,Regular,2014
SEATTLE STORM,34,12,22,1375.0,95.4,101.5,-6.0,63.1,1.13,16.7,27.0,69.0,48.0,19.7,48.5,52.7,88.13,73.44,44.9,Regular,2014
ATLANTA DREAM,34,15,19,1370.0,97.7,100.6,-2.8,57.4,1.01,14.6,37.6,67.6,51.8,20.1,44.7,50.1,94.67,78.89,46.6,Regular,2015
CHICAGO SKY,34,21,13,1375.0,104.4,99.4,5.0,50.7,1.32,14.8,33.1,69.4,51.5,15.2,47.6,52.5,94.18,78.49,53.3,Regular,2015
INDIANA FEVER,34,20,14,1370.0,99.8,97.4,2.4,53.9,1.03,14.2,32.5,68.0,49.8,18.5,46.5,52.1,92.72,77.27,49.8,Regular,2015
NEW YORK LIBERTY,34,23,11,1370.0,96.6,92.4,4.3,60.5,1.14,15.8,33.0,71.4,52.5,19.0,45.5,50.5,91.67,76.39,54.6,Regular,2015
SAN ANTONIO STARS,34,8,26,1365.0,89.0,100.2,-11.2,59.9,1.09,14.8,28.6,69.7,48.3,18.3,41.9,46.9,91.48,76.23,42.6,Regular,2015
SEATTLE STORM,34,10,24,1360.0,92.3,99.9,-7.6,63.4,1.11,16.6,23.5,70.0,47.8,19.8,47.3,51.9,91.45,76.21,46.1,Regular,2015
TULSA SHOCK,34,18,16,1370.0,101.5,100.5,1.0,52.9,1.12,13.4,35.8,70.4,51.8,16.4,44.0,50.0,91.29,76.07,47.8,Regular,2015
MINNESOTA LYNX,34,22,12,1365.0,99.6,94.2,5.3,62.7,1.38,17.3,29.9,72.2,51.4,17.3,47.2,51.7,90.81,75.68,54.0,Regular,2015
PHOENIX MERCURY,34,20,14,1385.0,98.5,94.8,3.7,59.0,1.26,16.0,26.8,67.3,48.5,16.9,47.4,52.6,89.85,74.87,54.9,Regular,2015
CONNECTICUT SUN,34,15,19,1390.0,98.2,100.2,-2.0,55.3,1.17,15.1,32.8,65.3,48.3,17.7,46.8,50.3,89.72,74.76,45.9,Regular,2015
WASHINGTON MYSTICS,34,18,16,1370.0,98.1,95.1,2.9,65.9,1.35,17.2,29.9,66.2,48.5,17.6,46.9,51.4,89.27,74.39,52.8,Regular,2015
LOS ANGELES SPARKS,34,14,20,1370.0,98.9,100.0,-1.1,64.8,1.38,18.0,27.8,68.8,49.6,17.8,48.6,53.1,88.71,73.93,51.3,Regular,2015
CHICAGO SKY,34,18,16,1377.0,107.1,106.2,0.8,54.8,1.51,16.4,34.0,68.8,51.6,15.0,49.0,53.7,95.42,79.52,50.6,Regular,2016
DALLAS WINGS,34,11,23,1390.0,101.8,108.5,-6.6,54.6,1.1,13.8,34.7,66.6,49.4,17.2,45.0,51.1,95.41,79.51,41.9,Regular,2016
ATLANTA DREAM,34,17,17,1390.0,100.8,103.3,-2.5,51.8,1.08,13.6,34.6,65.4,50.0,17.1,44.9,50.8,95.36,79.47,47.4,Regular,2016
CONNECTICUT SUN,34,14,20,1392.0,102.1,103.7,-1.6,53.1,1.18,14.9,34.8,68.7,50.6,17.4,47.8,51.5,95.34,79.45,45.7,Regular,2016
PHOENIX MERCURY,34,16,18,1380.0,105.0,103.8,1.2,57.2,1.22,15.7,27.8,66.8,48.2,17.1,50.1,56.3,95.1,79.25,52.2,Regular,2016
NEW YORK LIBERTY,34,21,13,1395.0,100.6,99.7,0.9,62.3,1.28,16.6,34.1,71.3,53.0,18.0,46.6,51.7,94.92,79.1,51.3,Regular,2016
MINNESOTA LYNX,34,28,6,1380.0,107.4,96.6,10.8,62.2,1.48,17.8,35.1,69.1,52.8,16.9,50.0,55.1,94.35,78.62,60.5,Regular,2016
INDIANA FEVER,34,17,17,1370.0,102.8,103.4,-0.6,60.5,1.21,16.4,32.7,68.7,50.2,18.7,48.6,54.2,93.2,77.66,49.3,Regular,2016
SEATTLE STORM,34,16,18,1365.0,103.9,103.1,0.7,65.5,1.31,17.9,27.2,67.9,48.8,18.6,51.4,56.5,93.01,77.51,52.4,Regular,2016
LOS ANGELES SPARKS,34,26,8,1370.0,106.7,97.6,9.1,65.2,1.49,19.0,27.8,68.3,49.2,17.5,53.3,57.4,92.6,77.17,57.5,Regular,2016
WASHINGTON MYSTICS,34,13,21,1390.0,103.1,104.8,-1.7,62.1,1.37,16.2,30.3,66.8,48.4,16.3,47.6,53.1,92.05,76.71,48.1,Regular,2016
SAN ANTONIO STARS,34,7,27,1375.0,93.6,104.0,-10.5,61.0,1.15,15.5,29.7,66.8,47.7,18.3,43.9,49.0,91.44,76.2,42.1,Regular,2016
DALLAS WINGS,34,16,18,1380.0,104.2,107.6,-3.4,54.3,1.14,13.9,35.2,68.3,50.4,16.6,45.3,52.1,97.72,81.43,45.3,Regular,2017
CONNECTICUT SUN,34,21,13,1360.0,105.6,100.3,5.3,55.1,1.42,15.9,32.5,71.9,51.8,15.3,49.3,53.1,97.68,81.4,52.7,Regular,2017
CHICAGO SKY,34,12,22,1385.0,99.5,105.7,-6.1,65.4,1.33,18.6,28.4,66.5,48.6,19.3,50.7,53.9,97.25,81.04,46.6,Regular,2017
ATLANTA DREAM,34,12,22,1388.0,97.0,101.5,-4.4,60.6,1.34,15.7,31.9,68.0,49.1,16.2,44.1,49.1,95.71,79.76,46.0,Regular,2017
PHOENIX MERCURY,34,18,16,1375.0,102.3,102.6,-0.3,61.6,1.25,16.4,28.1,67.3,48.2,17.6,49.0,54.5,94.88,79.07,50.7,Regular,2017
MINNESOTA LYNX,34,27,7,1360.0,108.5,94.4,14.1,63.2,1.45,18.4,34.5,69.9,52.9,18.0,52.3,56.3,94.41,78.68,60.6,Regular,2017
NEW YORK LIBERTY,34,22,12,1365.0,101.8,97.9,3.8,56.8,1.28,15.3,35.2,73.6,54.3,16.7,46.6,51.2,93.57,77.98,52.5,Regular,2017
SEATTLE STORM,34,15,19,1375.0,105.0,105.0,0.0,66.9,1.41,18.8,26.1,65.7,47.2,18.1,53.0,57.4,93.38,77.82,52.4,Regular,2017
WASHINGTON MYSTICS,34,18,16,1370.0,104.2,103.5,0.6,57.5,1.35,15.2,32.7,68.3,50.4,15.4,46.6,52.6,93.34,77.78,50.9,Regular,2017
SAN ANTONIO STARS,34,8,26,1370.0,95.7,104.5,-8.8,62.1,1.06,16.2,33.9,69.0,51.1,21.1,46.5,50.8,92.69,77.24,42.5,Regular,2017
LOS ANGELES SPARKS,34,26,8,1378.0,106.7,96.1,10.6,58.9,1.4,17.5,29.2,69.1,49.8,17.0,52.0,56.4,92.67,77.23,58.3,Regular,2017
INDIANA FEVER,34,9,25,1370.0,97.0,108.1,-11.1,53.2,1.11,14.7,26.9,65.9,45.5,17.5,46.3,51.3,92.55,77.12,41.4,Regular,2017
LAS VEGAS ACES,33,14,19,1325.0,102.0,105.2,-3.2,64.7,1.58,17.5,31.2,71.8,51.4,15.5,46.9,52.1,98.88,82.4,49.3,Regular,2018
ATLANTA DREAM,34,23,11,1360.0,100.4,97.5,2.9,60.8,1.36,16.1,32.1,68.2,49.9,16.5,46.8,51.4,97.82,81.51,51.5,Regular,2018
DALLAS WINGS,34,15,19,1360.0,106.2,105.0,1.3,59.2,1.28,15.9,35.2,69.9,52.5,17.3,49.0,54.4,97.73,81.44,50.7,Regular,2018
CHICAGO SKY,34,13,21,1380.0,101.8,109.9,-8.1,68.3,1.38,18.4,30.5,64.5,48.0,18.7,50.5,54.7,97.15,80.96,46.1,Regular,2018
CONNECTICUT SUN,34,21,13,1360.0,108.6,101.4,7.2,58.2,1.45,17.1,36.0,72.1,53.7,16.7,51.9,55.0,96.78,80.65,52.8,Regular,2018
PHOENIX MERCURY,34,20,14,1360.0,107.3,103.8,3.5,68.9,1.52,18.7,26.9,67.3,48.5,17.0,52.2,57.6,96.07,80.06,54.6,Regular,2018
SEATTLE STORM,34,26,8,1370.0,108.5,99.3,9.2,66.0,1.58,18.8,29.7,70.7,50.9,16.7,53.4,57.2,95.7,79.75,55.9,Regular,2018
NEW YORK LIBERTY,34,7,27,1370.0,97.5,105.9,-8.4,66.1,1.33,17.6,28.8,68.0,48.4,18.4,48.1,51.7,95.16,79.3,44.5,Regular,2018
INDIANA FEVER,34,6,28,1380.0,95.7,107.2,-11.5,55.5,1.32,14.8,28.9,68.9,47.5,15.2,44.6,48.9,94.43,78.7,41.1,Regular,2018
WASHINGTON MYSTICS,33,21,12,1320.0,107.6,103.5,4.2,58.3,1.46,16.5,29.3,68.3,48.7,15.5,51.0,55.8,94.29,78.58,51.2,Regular,2018
MINNESOTA LYNX,34,18,16,1360.0,100.8,99.8,1.1,64.5,1.38,17.8,32.2,74.2,53.1,18.1,49.1,52.9,94.04,78.37,51.2,Regular,2018
LOS ANGELES SPARKS,34,19,15,1365.0,101.1,98.9,2.2,60.7,1.52,17.3,25.2,70.0,47.2,15.5,49.7,53.7,93.19,77.66,50.9,Regular,2018
CHICAGO SKY,34,20,14,1365.0,101.6,100.1,1.4,68.8,1.41,18.5,29.5,67.9,49.8,18.3,50.0,54.3,99.5,82.92,52.6,Regular,2019
LAS VEGAS ACES,34,21,13,1370.0,99.1,95.0,4.1,69.7,1.44,17.9,32.0,73.1,53.0,17.6,46.6,51.6,98.8,82.34,53.6,Regular,2019
NEW YORK LIBERTY,34,10,24,1360.0,95.4,103.8,-8.5,68.3,1.27,17.3,30.6,67.4,48.7,19.0,46.1,50.4,97.68,81.4,43.4,Regular,2019
CONNECTICUT SUN,34,23,11,1365.0,100.3,96.8,3.5,63.8,1.36,16.8,34.9,72.7,52.5,17.6,47.6,50.9,96.32,80.26,50.6,Regular,2019
LOS ANGELES SPARKS,34,22,12,1365.0,99.3,96.0,3.3,61.5,1.3,16.7,30.5,66.7,48.9,17.8,48.2,52.2,96.26,80.22,52.0,Regular,2019
MINNESOTA LYNX,34,18,16,1360.0,98.8,95.8,3.0,67.0,1.25,18.1,33.1,69.5,51.4,20.5,49.5,53.1,95.12,79.26,53.3,Regular,2019
ATLANTA DREAM,34,8,26,1365.0,89.8,99.5,-9.7,61.1,1.09,14.4,31.5,65.7,48.2,18.2,41.7,46.2,94.77,78.97,42.2,Regular,2019
WASHINGTON MYSTICS,34,26,8,1365.0,112.9,98.1,14.8,66.9,1.86,19.4,31.8,70.0,51.4,14.9,53.6,57.9,94.36,78.64,59.2,Regular,2019
INDIANA FEVER,34,13,21,1370.0,98.6,101.9,-3.4,59.8,1.25,15.9,32.3,67.5,50.0,17.7,46.4,50.8,93.79,78.16,47.6,Regular,2019
SEATTLE STORM,34,18,16,1360.0,96.2,96.4,-0.2,63.5,1.13,16.4,31.6,68.5,49.5,20.2,47.4,51.3,93.39,77.82,48.6,Regular,2019
PHOENIX MERCURY,34,15,19,1365.0,98.3,99.5,-1.2,65.7,1.36,17.0,25.0,66.6,46.9,16.9,47.5,52.9,93.19,77.66,51.5,Regular,2019
DALLAS WINGS,34,10,24,1360.0,94.0,101.6,-7.5,58.9,1.04,14.5,33.6,67.7,49.8,19.2,43.6,48.4,91.38,76.15,42.3,Regular,2019
LAS VEGAS ACES,22,18,4,880.0,107.3,97.2,10.0,63.5,1.66,18.3,28.6,74.8,52.9,15.2,50.7,56.2,99.08,82.57,59.0,Regular,2020
NEW YORK LIBERTY,22,2,20,880.0,87.3,104.5,-17.2,60.6,0.83,13.8,26.7,72.2,49.2,21.6,43.0,48.5,98.67,82.23,37.6,Regular,2020
PHOENIX MERCURY,22,13,9,885.0,104.5,101.8,2.7,67.5,1.34,18.1,26.4,68.0,48.2,18.4,51.3,56.4,98.47,82.06,52.7,Regular,2020
CHICAGO SKY,22,12,10,880.0,105.7,102.7,3.0,65.1,1.4,19.2,28.0,70.4,50.2,19.1,54.7,58.0,98.37,81.98,52.4,Regular,2020
ATLANTA DREAM,22,7,15,885.0,99.0,107.1,-8.1,53.7,1.13,15.2,30.0,70.5,49.7,18.2,48.4,51.8,97.63,81.36,43.7,Regular,2020
SEATTLE STORM,22,18,4,880.0,108.3,93.3,15.0,68.8,1.56,19.4,27.7,68.6,49.4,17.3,53.2,57.5,97.39,81.16,59.7,Regular,2020
LOS ANGELES SPARKS,22,15,7,885.0,104.3,98.8,5.5,62.1,1.39,18.2,24.8,72.1,48.8,17.7,53.5,57.1,97.08,80.9,53.0,Regular,2020
INDIANA FEVER,22,6,16,880.0,101.6,111.8,-10.2,65.1,1.21,17.2,32.3,71.3,51.7,19.7,49.4,54.3,96.27,80.23,44.6,Regular,2020
CONNECTICUT SUN,22,10,12,885.0,100.1,99.5,0.6,61.7,1.3,16.4,32.9,73.0,51.8,17.5,46.9,51.3,95.81,79.84,49.5,Regular,2020
DALLAS WINGS,22,8,14,890.0,103.6,108.0,-4.4,53.1,1.26,14.4,29.9,69.4,48.3,15.3,47.8,52.5,95.57,79.64,44.0,Regular,2020
MINNESOTA LYNX,22,14,8,880.0,106.7,101.7,5.1,64.6,1.33,17.8,33.1,69.2,51.0,18.8,51.8,56.2,95.02,79.18,52.8,Regular,2020
WASHINGTON MYSTICS,22,9,13,890.0,100.1,102.2,-2.1,66.6,1.44,18.0,26.5,73.4,48.8,17.1,49.3,53.2,94.73,78.94,48.8,Regular,2020
LAS VEGAS ACES,32,24,8,1295.0,107.1,96.0,11.1,63.0,1.78,18.4,25.0,75.8,52.1,14.1,50.8,55.9,98.98,82.49,58.2,Regular,2021
NEW YORK LIBERTY,32,12,20,1285.0,96.1,104.3,-8.2,68.0,1.13,17.5,24.1,69.3,47.7,20.7,50.3,54.1,97.81,81.51,45.0,Regular,2021
CHICAGO SKY,32,16,16,1300.0,100.9,99.4,1.5,70.7,1.5,18.9,28.0,69.0,48.9,17.6,49.3,53.8,97.46,81.22,51.5,Regular,2021
ATLANTA DREAM,32,8,24,1290.0,97.5,104.0,-6.5,56.9,1.46,15.7,29.1,68.9,47.3,14.8,45.8,48.9,96.33,80.28,44.1,Regular,2021
SEATTLE STORM,32,21,11,1305.0,103.6,98.4,5.2,68.8,1.65,18.9,24.7,73.2,49.7,15.8,51.3,55.6,96.24,80.2,54.6,Regular,2021
WASHINGTON MYSTICS,32,12,20,1285.0,99.5,104.4,-5.0,65.6,1.45,17.0,26.4,72.5,48.1,16.0,47.5,51.9,95.79,79.83,45.7,Regular,2021
MINNESOTA LYNX,32,22,10,1290.0,102.8,98.0,4.7,66.5,1.4,18.3,28.5,73.6,52.0,18.1,50.8,55.3,95.74,79.78,53.6,Regular,2021
INDIANA FEVER,32,6,26,1280.0,95.3,107.8,-12.5,58.7,1.11,15.3,33.4,70.9,51.4,19.0,45.2,49.7,94.78,78.98,42.3,Regular,2021
DALLAS WINGS,32,14,18,1290.0,102.2,103.0,-0.8,58.7,1.26,15.7,33.2,72.7,52.0,17.4,47.7,52.1,94.47,78.73,46.8,Regular,2021
LOS ANGELES SPARKS,32,12,20,1290.0,92.3,97.5,-5.2,57.1,1.11,14.9,23.3,65.4,43.8,17.6,46.2,50.0,94.03,78.36,45.2,Regular,2021
PHOENIX MERCURY,32,19,13,1290.0,104.3,101.3,3.1,66.8,1.44,18.1,28.5,70.2,50.6,17.4,50.7,55.3,93.56,77.97,53.8,Regular,2021
CONNECTICUT SUN,32,26,6,1290.0,104.1,91.7,12.4,61.6,1.19,16.6,37.0,76.6,56.9,19.8,49.7,54.3,90.96,75.8,57.7,Regular,2021
LAS VEGAS ACES,36,26,10,1445.0,109.6,102.0,7.7,64.3,1.78,18.4,24.5,74.5,50.0,14.1,52.8,57.3,98.64,82.2,54.3,Regular,2022
INDIANA FEVER,36,5,31,1450.0,95.2,108.1,-12.9,63.6,1.09,15.9,31.8,67.0,48.3,20.1,45.8,50.0,97.92,81.6,39.1,Regular,2022
ATLANTA DREAM,36,14,22,1450.0,96.4,99.8,-3.4,61.1,1.09,15.8,29.7,74.0,51.4,19.8,47.5,51.6,97.22,81.02,46.2,Regular,2022
LOS ANGELES SPARKS,36,13,23,1445.0,97.6,106.7,-9.1,63.3,1.29,17.1,25.7,69.1,46.8,18.0,48.6,53.0,97.2,81.0,45.3,Regular,2022
CHICAGO SKY,36,26,10,1455.0,105.8,99.7,6.0,74.3,1.65,21.0,27.1,71.6,50.8,18.1,53.5,57.4,96.81,80.67,55.1,Regular,2022
CONNECTICUT SUN,36,25,11,1450.0,105.8,96.3,9.5,66.1,1.35,18.1,37.1,74.5,55.7,19.3,50.8,55.2,96.45,80.37,56.9,Regular,2022
SEATTLE STORM,36,22,14,1445.0,102.6,97.4,5.2,74.2,1.68,20.0,25.2,69.8,47.8,16.7,50.9,54.7,96.18,80.15,53.1,Regular,2022
PHOENIX MERCURY,36,15,21,1455.0,100.7,104.1,-3.4,67.4,1.35,17.6,24.9,66.7,46.1,17.7,49.5,54.3,95.85,79.88,47.5,Regular,2022
MINNESOTA LYNX,36,14,22,1450.0,102.6,104.4,-1.8,68.4,1.33,18.3,31.1,73.4,52.7,19.3,50.1,54.5,95.77,79.81,49.4,Regular,2022
NEW YORK LIBERTY,36,16,20,1455.0,99.0,102.0,-3.0,71.9,1.34,18.6,26.0,70.5,49.1,19.3,50.4,54.3,95.52,79.6,48.7,Regular,2022
DALLAS WINGS,36,18,18,1445.0,104.6,104.3,0.2,63.3,1.38,16.9,32.8,70.0,50.6,17.1,49.2,53.6,94.84,79.03,48.6,Regular,2022
WASHINGTON MYSTICS,36,22,14,1455.0,101.1,96.0,5.1,69.1,1.48,18.3,27.8,74.2,50.9,17.3,49.6,53.8,94.05,78.38,54.0,Regular,2022
ATLANTA DREAM,40,19,21,1610.0,99.7,101.5,-1.8,63.2,1.28,16.5,28.3,72.6,50.4,17.6,47.5,52.7,98.7,82.25,48.8,Regular,2023
LAS VEGAS ACES,40,34,6,1600.0,113.0,97.7,15.3,64.6,1.85,19.3,23.7,73.3,50.2,14.3,55.3,59.7,98.58,82.15,59.2,Regular,2023
DALLAS WINGS,40,22,18,1605.0,106.9,103.5,3.5,62.8,1.48,17.2,36.9,72.7,54.2,16.7,48.9,53.5,98.21,81.84,52.5,Regular,2023
SEATTLE STORM,40,11,29,1605.0,96.9,104.0,-7.1,63.4,1.15,15.9,28.4,71.6,49.4,18.9,47.2,51.8,97.23,81.02,44.0,Regular,2023
NEW YORK LIBERTY,40,32,8,1615.0,109.6,99.4,10.3,75.0,1.7,20.5,30.8,73.3,52.9,17.5,53.9,57.7,96.56,80.47,57.7,Regular,2023
WASHINGTON MYSTICS,40,19,21,1605.0,99.9,100.3,-0.4,66.4,1.45,17.6,24.0,71.4,47.3,16.4,48.6,53.3,96.4,80.34,49.3,Regular,2023
LOS ANGELES SPARKS,40,17,23,1605.0,98.0,100.0,-1.9,66.9,1.38,17.4,25.3,72.7,48.3,17.1,47.4,52.5,96.31,80.26,48.0,Regular,2023
CHICAGO SKY,40,18,22,1610.0,101.3,103.4,-2.1,66.6,1.43,18.2,29.2,69.2,48.8,17.8,50.1,53.3,96.18,80.15,47.5,Regular,2023
MINNESOTA LYNX,40,19,21,1610.0,99.8,105.7,-5.9,66.2,1.37,17.6,27.7,70.1,49.0,17.7,48.5,53.0,95.84,79.86,47.2,Regular,2023
CONNECTICUT SUN,40,27,13,1615.0,103.2,98.8,4.4,68.5,1.5,18.4,29.9,71.5,50.5,17.1,49.8,54.0,95.14,79.28,53.1,Regular,2023
INDIANA FEVER,40,13,27,1615.0,101.8,106.3,-4.5,59.7,1.21,16.4,31.4,70.5,50.8,18.7,49.1,53.2,94.83,79.02,46.2,Regular,2023
PHOENIX MERCURY,40,9,31,1605.0,97.6,107.9,-10.3,67.2,1.18,17.8,27.0,67.4,47.9,20.5,49.7,53.9,94.01,78.34,44.3,Regular,2023
UTAH STARZZ,2,0,2,80.0,89.7,112.7,-23.0,55.6,0.83,13.1,29.6,65.8,48.3,20.5,41.8,49.6,86.4,72.0,39.9,Playoffs,2001
SACRAMENTO MONARCHS,5,3,2,200.0,105.3,98.6,6.7,63.2,1.49,15.6,34.8,63.8,48.5,14.9,43.8,50.2,86.28,71.9,48.8,Playoffs,2001
LOS ANGELES SPARKS,7,6,1,280.0,105.1,93.2,11.9,71.8,1.63,19.3,35.4,67.5,52.1,17.4,48.2,52.2,83.83,69.86,62.4,Playoffs,2001
HOUSTON COMETS,2,0,2,80.0,85.4,96.4,-11.0,51.1,0.88,12.6,28.4,71.8,49.7,19.0,41.3,44.5,82.8,69.0,36.7,Playoffs,2001
MIAMI SOL,3,1,2,120.0,87.0,98.9,-12.0,61.4,0.92,13.7,34.3,60.0,46.9,20.7,40.6,44.7,74.0,61.67,37.7,Playoffs,2001
CHARLOTTE STING,8,4,4,320.0,95.1,101.2,-6.2,63.3,1.0,16.1,38.4,61.7,50.2,23.0,45.8,49.4,73.13,60.94,42.6,Playoffs,2001
NEW YORK LIBERTY,6,3,3,240.0,93.7,89.8,3.9,65.7,1.16,16.8,36.8,65.0,50.6,20.8,45.2,48.0,72.9,60.75,55.6,Playoffs,2001
CLEVELAND ROCKERS,3,1,2,120.0,104.1,101.7,2.3,77.9,1.51,19.7,45.5,55.1,50.3,20.3,44.8,49.7,69.0,57.5,54.7,Playoffs,2001
SEATTLE STORM,2,0,2,80.0,81.1,97.4,-16.3,71.8,0.78,14.4,23.7,75.8,47.1,24.3,39.3,46.8,89.7,74.75,32.8,Playoffs,2002
LOS ANGELES SPARKS,6,6,0,240.0,105.2,89.5,15.7,70.0,1.53,18.9,32.1,70.3,51.9,17.6,50.3,54.8,88.1,73.42,65.1,Playoffs,2002
UTAH STARZZ,5,2,3,210.0,96.8,103.7,-6.9,62.4,1.02,15.9,34.6,63.1,50.2,21.7,45.9,50.9,85.94,71.62,46.3,Playoffs,2002
HOUSTON COMETS,3,1,2,130.0,96.8,99.5,-2.7,52.6,1.37,13.2,37.6,64.8,49.4,13.6,40.1,45.3,81.23,67.69,44.5,Playoffs,2002
CHARLOTTE STING,2,0,2,80.0,89.0,101.5,-12.5,57.1,1.04,14.8,32.9,72.1,51.0,19.9,45.1,45.8,81.0,67.5,36.4,Playoffs,2002
INDIANA FEVER,3,1,2,120.0,102.1,108.6,-6.6,61.3,1.0,16.5,39.0,68.5,52.9,23.7,49.7,52.8,78.2,65.17,41.1,Playoffs,2002
NEW YORK LIBERTY,8,4,4,320.0,110.3,106.6,3.8,61.7,1.52,18.0,32.8,63.9,49.1,16.6,53.0,57.0,78.15,65.12,53.8,Playoffs,2002
WASHINGTON MYSTICS,5,3,2,200.0,108.0,108.9,-0.9,70.7,2.0,19.9,31.6,65.8,48.0,14.5,49.7,53.5,78.12,65.1,50.2,Playoffs,2002
CLEVELAND ROCKERS,3,1,2,120.0,91.0,94.6,-3.6,62.7,1.08,14.3,26.8,63.7,46.2,17.5,41.6,49.1,89.4,74.5,47.9,Playoffs,2003
MINNESOTA LYNX,3,1,2,120.0,95.4,102.3,-6.9,76.8,1.13,17.2,33.9,67.7,49.5,21.7,43.4,50.1,87.6,73.0,43.7,Playoffs,2003
DETROIT SHOCK,8,6,2,320.0,99.0,95.8,3.1,68.8,1.28,16.6,37.1,70.9,53.5,18.9,43.1,48.8,86.63,72.19,51.6,Playoffs,2003
LOS ANGELES SPARKS,9,5,4,360.0,102.3,95.9,6.4,72.0,1.53,19.1,34.4,64.9,50.0,18.2,47.2,51.8,84.93,70.78,54.6,Playoffs,2003
HOUSTON COMETS,3,1,2,120.0,96.1,90.1,5.9,54.9,1.15,13.7,34.7,68.5,50.9,16.7,41.3,47.2,81.4,67.83,55.6,Playoffs,2003
SACRAMENTO MONARCHS,6,3,3,240.0,92.9,101.0,-8.1,59.6,1.02,15.0,33.9,64.2,49.3,20.2,43.7,48.4,81.2,67.67,43.2,Playoffs,2003
CONNECTICUT SUN,4,2,2,160.0,104.2,107.7,-3.5,63.1,1.71,18.2,28.3,59.2,45.6,14.6,49.3,54.3,78.15,65.12,53.1,Playoffs,2003
CHARLOTTE STING,2,0,2,80.0,105.8,110.6,-4.8,63.6,1.27,15.8,39.7,66.0,50.8,18.2,45.1,50.4,73.2,61.0,39.2,Playoffs,2003
LOS ANGELES SPARKS,3,1,2,120.0,85.8,96.2,-10.4,68.7,0.88,16.0,28.8,62.8,47.1,24.6,43.2,48.5,84.2,70.17,39.4,Playoffs,2004
SEATTLE STORM,8,6,2,325.0,99.3,89.0,10.3,63.6,1.05,16.3,41.9,67.9,54.8,22.6,46.7,51.1,82.63,68.86,57.2,Playoffs,2004
DETROIT SHOCK,3,1,2,120.0,97.1,101.0,-3.9,63.4,1.1,15.4,38.7,67.9,53.3,19.7,44.0,50.2,82.6,68.83,54.2,Playoffs,2004
SACRAMENTO MONARCHS,6,3,3,245.0,93.3,95.0,-1.7,60.1,1.06,15.2,35.5,65.3,49.4,20.0,43.5,48.0,82.48,68.73,51.4,Playoffs,2004
CONNECTICUT SUN,8,5,3,320.0,97.2,93.2,4.1,59.7,1.09,15.0,34.4,63.5,49.2,19.3,44.6,49.6,81.52,67.94,55.5,Playoffs,2004
WASHINGTON MYSTICS,3,1,2,120.0,95.5,104.9,-9.3,46.3,0.78,11.4,34.8,65.8,50.2,19.8,41.5,48.5,81.4,67.83,42.8,Playoffs,2004
MINNESOTA LYNX,2,0,2,80.0,84.8,99.3,-14.4,64.3,0.68,14.9,33.8,57.3,46.4,30.3,46.5,49.5,80.1,66.75,33.5,Playoffs,2004
NEW YORK LIBERTY,5,2,3,200.0,95.7,97.0,-1.3,61.7,1.1,16.2,30.9,59.5,45.1,20.4,47.8,50.3,79.44,66.2,42.6,Playoffs,2004
SEATTLE STORM,3,1,2,120.0,92.9,99.1,-6.1,57.1,1.0,14.3,28.7,78.0,51.3,18.9,43.1,49.8,84.6,70.5,42.1,Playoffs,2005
LOS ANGELES SPARKS,2,0,2,80.0,96.4,110.6,-14.2,72.9,1.13,18.2,24.3,57.9,39.4,22.1,48.6,52.5,84.3,70.25,35.8,Playoffs,2005
DETROIT SHOCK,2,0,2,80.0,92.8,105.7,-12.9,50.0,0.96,12.0,39.8,70.0,52.8,18.0,37.8,42.8,83.7,69.75,33.1,Playoffs,2005
HOUSTON COMETS,5,2,3,205.0,97.4,97.5,0.0,54.5,0.96,14.5,26.4,67.4,48.1,19.9,47.4,53.8,82.54,68.78,53.1,Playoffs,2005
SACRAMENTO MONARCHS,8,7,1,330.0,101.1,92.6,8.5,61.9,1.29,16.7,35.3,70.2,52.8,18.3,47.9,51.8,82.25,68.55,56.0,Playoffs,2005
CONNECTICUT SUN,8,5,3,330.0,98.6,96.0,2.6,57.8,0.98,14.2,32.7,63.0,49.4,19.6,46.6,52.3,81.09,67.58,57.0,Playoffs,2005
INDIANA FEVER,4,2,2,165.0,102.0,98.0,3.9,55.4,1.28,12.7,40.4,69.2,52.7,14.3,39.6,46.7,73.75,61.45,48.5,Playoffs,2005
NEW YORK LIBERTY,2,0,2,80.0,84.2,101.7,-17.5,54.3,0.76,12.6,21.7,64.4,45.1,20.8,41.0,47.3,71.7,59.75,28.2,Playoffs,2005
WASHINGTON MYSTICS,2,0,2,80.0,81.3,92.9,-11.6,56.3,0.93,12.5,35.6,60.9,47.7,18.7,36.9,39.9,93.0,77.5,33.1,Playoffs,2006
INDIANA FEVER,2,0,2,80.0,90.8,108.5,-17.6,37.7,0.63,9.8,36.8,58.5,47.3,20.9,43.6,46.8,91.8,76.5,29.7,Playoffs,2006
DETROIT SHOCK,10,7,3,400.0,98.4,92.4,6.0,60.0,1.03,15.6,40.2,65.1,53.3,21.4,46.1,50.9,91.32,76.1,57.9,Playoffs,2006
CONNECTICUT SUN,5,3,2,200.0,88.2,90.5,-2.3,59.5,1.0,13.6,35.2,63.6,49.4,18.9,39.4,43.8,91.08,75.9,47.9,Playoffs,2006
SEATTLE STORM,3,1,2,120.0,95.2,96.5,-1.3,70.6,1.37,15.8,25.4,66.2,47.0,15.4,42.8,50.6,90.8,75.67,52.1,Playoffs,2006
SACRAMENTO MONARCHS,9,6,3,360.0,104.0,93.7,10.3,57.8,1.26,15.7,38.6,63.4,50.2,17.7,47.5,51.4,89.07,74.22,55.7,Playoffs,2006
LOS ANGELES SPARKS,5,2,3,200.0,92.3,96.2,-3.9,67.7,1.38,16.4,32.1,65.8,48.5,16.7,42.3,46.6,87.84,73.2,44.9,Playoffs,2006
HOUSTON COMETS,2,0,2,80.0,97.3,127.6,-30.3,52.1,0.81,13.2,30.8,62.7,47.9,21.2,47.2,55.0,87.3,72.75,37.5,Playoffs,2006
PHOENIX MERCURY,9,7,2,360.0,114.0,106.5,7.5,60.5,1.73,16.6,33.6,63.0,48.2,13.5,50.7,56.3,100.4,83.67,54.9,Playoffs,2007
SAN ANTONIO SILVER STARS,5,2,3,200.0,105.0,104.4,0.5,64.9,1.28,17.5,33.8,62.6,47.8,19.4,50.9,54.5,97.2,81.0,48.2,Playoffs,2007
SEATTLE STORM,2,0,2,80.0,107.5,121.0,-13.5,50.8,1.03,14.9,35.7,64.0,50.3,19.9,51.0,54.7,96.9,80.75,40.8,Playoffs,2007
DETROIT SHOCK,11,6,5,445.0,97.7,100.3,-2.6,54.3,1.07,14.4,36.6,69.8,53.5,18.7,45.5,49.1,94.76,78.97,47.5,Playoffs,2007
SACRAMENTO MONARCHS,3,1,2,120.0,95.3,99.1,-3.8,54.3,0.8,13.6,41.5,66.4,53.5,23.3,45.1,50.9,93.8,78.17,49.3,Playoffs,2007
CONNECTICUT SUN,3,1,2,140.0,89.6,97.0,-7.5,61.7,1.16,16.2,27.7,74.1,50.4,18.7,45.0,48.1,91.71,76.43,45.7,Playoffs,2007
INDIANA FEVER,6,3,3,260.0,94.1,94.5,-0.4,58.4,1.21,14.4,27.2,67.8,47.1,15.9,43.3,48.5,90.55,75.46,50.3,Playoffs,2007
NEW YORK LIBERTY,3,1,2,125.0,91.9,84.6,7.3,58.0,1.12,15.2,26.0,67.4,48.1,17.9,46.4,49.8,90.05,75.04,57.9,Playoffs,2007
SACRAMENTO MONARCHS,3,1,2,125.0,99.6,97.5,2.0,56.7,0.92,16.9,30.3,68.6,49.8,24.6,54.5,57.9,93.7,78.08,50.6,Playoffs,2008
INDIANA FEVER,3,1,2,125.0,92.5,101.7,-9.2,63.4,0.88,14.2,30.3,62.9,46.4,21.3,43.0,51.2,91.97,76.64,44.6,Playoffs,2008
SAN ANTONIO SILVER STARS,9,4,5,365.0,93.2,101.2,-8.0,63.6,1.01,15.6,28.4,64.4,46.7,20.5,46.4,52.3,89.95,74.96,45.8,Playoffs,2008
SEATTLE STORM,3,1,2,120.0,88.3,88.8,-0.4,47.8,0.68,11.1,31.6,60.9,46.3,21.1,41.0,48.1,89.2,74.33,50.3,Playoffs,2008
LOS ANGELES SPARKS,6,3,3,240.0,95.5,92.1,3.3,66.3,1.06,16.6,39.7,71.4,54.8,22.7,45.2,49.1,88.6,73.83,51.6,Playoffs,2008
DETROIT SHOCK,9,7,2,365.0,98.2,89.3,8.9,52.6,1.07,14.3,33.9,71.7,53.3,18.2,46.3,51.1,88.37,73.64,57.2,Playoffs,2008
CONNECTICUT SUN,3,1,2,120.0,89.6,94.5,-5.0,56.2,1.08,13.5,36.8,67.0,50.2,17.2,38.9,44.0,88.2,73.5,45.8,Playoffs,2008
NEW YORK LIBERTY,6,3,3,240.0,92.1,90.1,2.0,54.6,0.87,14.4,29.4,66.7,48.6,22.1,47.9,49.8,86.6,72.17,49.2,Playoffs,2008
ATLANTA DREAM,2,0,2,80.0,97.1,108.0,-10.9,56.9,0.79,14.1,34.8,62.7,47.6,24.3,47.4,52.0,104.1,86.75,37.1,Playoffs,2009
DETROIT SHOCK,5,3,2,200.0,99.8,92.8,6.9,55.7,0.87,14.9,39.2,66.7,53.3,23.6,48.6,53.7,96.84,80.7,54.2,Playoffs,2009
PHOENIX MERCURY,11,7,4,445.0,116.2,108.8,7.4,51.6,1.49,15.8,32.3,65.0,49.3,14.4,53.5,58.5,96.32,80.27,52.7,Playoffs,2009
INDIANA FEVER,10,6,4,410.0,102.7,104.0,-1.3,57.5,1.12,15.2,35.2,63.5,49.4,18.5,47.5,53.5,94.83,79.02,52.2,Playoffs,2009
SAN ANTONIO SILVER STARS,3,1,2,120.0,111.0,127.5,-16.5,51.0,1.69,15.4,30.5,60.4,44.3,12.3,52.6,56.3,93.8,78.17,41.9,Playoffs,2009
WASHINGTON MYSTICS,2,0,2,85.0,92.2,102.4,-10.3,47.5,0.72,12.3,39.3,57.0,48.0,23.5,44.1,48.3,93.46,77.88,37.9,Playoffs,2009
LOS ANGELES SPARKS,6,3,3,240.0,101.3,100.0,1.3,59.4,1.11,14.7,40.6,72.0,55.8,18.8,44.9,50.7,93.4,77.83,55.8,Playoffs,2009
SEATTLE STORM,3,1,2,120.0,91.0,97.8,-6.8,58.6,0.85,13.9,31.0,60.0,45.8,21.6,43.7,49.4,89.2,74.33,38.1,Playoffs,2009
WASHINGTON MYSTICS,2,0,2,80.0,97.1,114.0,-16.9,39.6,0.88,9.5,29.6,58.8,42.7,14.0,40.2,48.3,103.2,86.0,33.7,Playoffs,2010
ATLANTA DREAM,7,4,3,280.0,108.3,101.9,6.4,55.9,1.36,15.7,39.7,67.9,53.7,16.2,48.7,53.5,99.09,82.57,56.2,Playoffs,2010
SAN ANTONIO SILVER STARS,2,0,2,80.0,101.2,120.0,-18.8,66.1,1.28,16.7,26.8,67.6,45.3,17.7,48.1,54.0,98.7,82.25,36.8,Playoffs,2010
PHOENIX MERCURY,4,2,2,160.0,111.1,105.6,5.5,68.8,1.83,20.6,30.1,67.5,50.2,16.0,55.0,58.5,96.75,80.62,56.8,Playoffs,2010
SEATTLE STORM,7,7,0,280.0,107.3,98.4,9.0,62.3,1.17,16.9,35.1,67.5,52.2,20.1,52.3,56.6,93.77,78.14,56.6,Playoffs,2010
NEW YORK LIBERTY,5,2,3,200.0,104.7,107.1,-2.3,54.6,1.09,15.5,38.5,62.8,50.5,20.1,49.6,53.3,91.2,76.0,44.5,Playoffs,2010
INDIANA FEVER,3,1,2,120.0,100.9,104.1,-3.2,49.3,0.97,12.8,32.4,57.6,45.6,17.3,45.8,53.0,88.0,73.33,50.9,Playoffs,2010
LOS ANGELES SPARKS,2,0,2,80.0,92.3,111.9,-19.6,47.9,0.85,12.2,29.9,66.7,45.5,18.9,43.9,48.9,85.8,71.5,35.4,Playoffs,2010
CONNECTICUT SUN,2,0,2,80.0,89.7,94.6,-4.9,66.0,1.13,15.8,23.9,61.1,43.2,18.8,43.8,48.6,99.6,83.0,43.8,Playoffs,2011
ATLANTA DREAM,8,4,4,320.0,98.6,98.0,0.6,51.0,1.32,13.7,35.7,66.7,50.4,14.4,43.8,48.0,97.73,81.44,50.5,Playoffs,2011
SEATTLE STORM,3,1,2,120.0,100.0,96.2,3.8,49.4,0.98,12.5,28.8,70.5,49.4,16.8,46.7,52.2,95.4,79.5,50.3,Playoffs,2011
PHOENIX MERCURY,5,2,3,200.0,96.2,109.8,-13.6,50.7,1.12,13.7,30.5,67.7,48.6,16.3,44.3,49.2,95.4,79.5,41.8,Playoffs,2011
MINNESOTA LYNX,8,7,1,320.0,109.2,95.6,13.7,55.1,1.27,15.9,37.4,69.8,54.5,17.5,49.6,54.7,94.58,78.81,58.5,Playoffs,2011
INDIANA FEVER,6,3,3,240.0,95.3,100.6,-5.4,55.6,0.86,13.9,35.6,66.0,50.7,22.3,46.0,50.9,93.5,77.92,44.5,Playoffs,2011
NEW YORK LIBERTY,3,1,2,120.0,96.5,96.0,0.5,56.6,1.0,15.4,29.0,72.0,50.5,20.5,48.9,53.5,91.2,76.0,52.5,Playoffs,2011
SAN ANTONIO SILVER STARS,3,1,2,120.0,95.2,100.9,-5.7,70.5,1.34,18.0,27.4,57.0,42.7,18.1,48.1,52.1,90.2,75.17,50.9,Playoffs,2011
SAN ANTONIO SILVER STARS,2,0,2,80.0,112.5,121.3,-8.8,50.0,1.42,15.1,39.3,62.9,49.3,15.0,50.0,54.4,96.0,80.0,45.3,Playoffs,2012
ATLANTA DREAM,3,1,2,120.0,95.0,103.4,-8.4,49.5,1.07,13.5,38.1,57.3,46.7,17.6,43.0,47.1,95.0,79.17,46.2,Playoffs,2012
LOS ANGELES SPARKS,4,2,2,160.0,112.2,112.7,-0.6,43.2,0.97,13.6,39.3,61.1,51.2,18.9,54.4,58.4,93.9,78.25,49.6,Playoffs,2012
MINNESOTA LYNX,9,5,4,370.0,101.3,101.6,-0.3,52.7,1.12,14.4,37.5,64.3,50.8,17.8,46.4,50.9,88.74,73.95,50.2,Playoffs,2012
INDIANA FEVER,10,7,3,400.0,106.7,100.3,6.4,47.7,0.92,13.3,39.7,58.3,49.4,19.9,49.0,54.1,88.32,73.6,54.4,Playoffs,2012
NEW YORK LIBERTY,2,0,2,80.0,83.0,95.2,-12.2,51.1,1.09,12.1,32.0,65.4,46.9,15.0,35.9,40.1,88.2,73.5,37.2,Playoffs,2012
SEATTLE STORM,3,1,2,130.0,96.6,97.5,-0.8,69.9,1.41,17.5,29.8,69.7,49.0,17.4,46.5,49.9,87.14,72.62,45.4,Playoffs,2012
CONNECTICUT SUN,5,3,2,200.0,103.4,100.3,3.1,57.7,1.22,15.7,40.8,64.4,53.1,18.5,46.9,51.2,84.12,70.1,54.0,Playoffs,2012
PHOENIX MERCURY,5,2,3,200.0,93.6,100.0,-6.4,56.9,1.15,15.4,32.0,65.9,49.0,18.3,44.0,48.5,93.6,78.0,46.4,Playoffs,2013
LOS ANGELES SPARKS,3,1,2,120.0,100.4,102.2,-1.7,35.6,0.86,10.2,41.5,67.8,53.6,15.9,41.6,47.1,93.0,77.5,46.2,Playoffs,2013
MINNESOTA LYNX,7,7,0,280.0,102.8,82.6,20.2,57.1,1.25,16.9,31.6,71.3,53.3,18.4,50.9,54.6,92.31,76.93,68.2,Playoffs,2013
ATLANTA DREAM,8,4,4,320.0,90.0,94.8,-4.8,53.6,1.01,13.2,35.4,66.1,49.3,18.2,39.8,44.2,91.5,76.25,44.1,Playoffs,2013
WASHINGTON MYSTICS,3,1,2,120.0,84.3,89.2,-4.9,63.8,0.96,14.5,30.1,58.4,45.6,20.6,41.3,45.2,89.2,74.33,45.8,Playoffs,2013
INDIANA FEVER,4,2,2,160.0,101.7,96.9,4.8,58.1,1.07,15.3,34.9,70.6,53.2,19.6,48.0,53.3,87.0,72.5,51.0,Playoffs,2013
CHICAGO SKY,2,0,2,80.0,89.6,113.1,-23.5,58.5,1.2,13.1,23.1,68.7,44.1,13.9,37.4,46.8,86.7,72.25,35.5,Playoffs,2013
SEATTLE STORM,2,0,2,80.0,85.0,99.3,-14.3,47.9,0.74,12.9,24.2,62.8,45.1,22.1,46.8,49.1,83.7,69.75,39.3,Playoffs,2013
ATLANTA DREAM,3,1,2,120.0,106.0,103.4,2.6,66.0,1.68,18.7,33.6,70.1,51.9,15.7,49.0,53.9,94.2,78.5,53.3,Playoffs,2014
LOS ANGELES SPARKS,2,0,2,80.0,89.7,107.0,-17.3,57.4,1.21,16.8,23.7,71.8,46.9,18.6,47.7,48.9,93.9,78.25,39.7,Playoffs,2014
MINNESOTA LYNX,5,3,2,200.0,106.4,110.8,-4.4,60.0,1.71,17.5,32.7,68.8,49.2,14.4,48.2,52.8,93.24,77.7,47.0,Playoffs,2014
PHOENIX MERCURY,8,7,1,320.0,111.8,94.3,17.4,57.5,1.44,18.1,29.3,70.0,52.2,17.1,55.3,59.7,92.85,77.37,63.0,Playoffs,2014
SAN ANTONIO STARS,2,0,2,80.0,113.1,118.2,-5.1,53.8,1.25,16.6,36.1,62.0,49.0,18.3,54.5,58.1,92.1,76.75,42.9,Playoffs,2014
CHICAGO SKY,9,4,5,370.0,100.4,107.7,-7.3,55.6,1.16,14.8,31.6,62.7,47.1,17.4,45.3,51.3,88.86,74.05,44.5,Playoffs,2014
WASHINGTON MYSTICS,2,0,2,85.0,95.5,103.9,-8.4,60.4,0.94,15.3,29.9,66.3,49.4,21.8,46.8,52.5,87.25,72.71,44.1,Playoffs,2014
INDIANA FEVER,5,3,2,215.0,101.3,101.1,0.3,50.4,1.27,12.3,39.8,69.7,53.1,13.5,40.0,46.8,84.06,70.05,48.3,Playoffs,2014
TULSA SHOCK,2,0,2,80.0,76.3,111.9,-35.6,42.9,1.0,8.6,27.0,81.7,45.7,11.3,29.9,35.9,96.0,80.0,19.0,Playoffs,2015
CHICAGO SKY,3,1,2,120.0,110.2,115.0,-4.8,59.4,1.71,18.5,36.2,64.1,50.2,15.6,51.2,54.3,90.4,75.33,47.9,Playoffs,2015
PHOENIX MERCURY,4,2,2,160.0,103.3,87.0,16.3,57.1,1.36,16.5,19.5,67.8,48.5,15.7,51.9,57.0,90.0,75.0,66.5,Playoffs,2015
LOS ANGELES SPARKS,3,1,2,120.0,100.9,101.8,-0.9,63.1,1.26,17.2,31.8,65.5,48.9,18.8,49.5,53.4,89.8,74.83,47.8,Playoffs,2015
INDIANA FEVER,11,6,5,440.0,102.4,102.5,-0.1,52.0,1.03,14.7,34.7,61.1,48.3,19.4,49.3,53.9,86.51,72.09,49.7,Playoffs,2015
MINNESOTA LYNX,10,7,3,400.0,101.7,98.5,3.2,56.2,1.22,15.4,40.0,67.4,53.2,17.9,45.9,50.5,86.28,71.9,52.6,Playoffs,2015
NEW YORK LIBERTY,6,3,3,250.0,101.4,97.5,3.8,61.8,1.32,16.9,36.5,72.5,53.6,18.4,46.9,50.6,84.77,70.64,51.1,Playoffs,2015
WASHINGTON MYSTICS,3,1,2,130.0,100.0,107.8,-7.8,58.2,1.39,15.1,27.9,61.2,45.0,14.5,46.4,51.2,84.55,70.46,45.0,Playoffs,2015
CHICAGO SKY,5,2,3,200.0,101.2,111.0,-9.8,57.8,1.43,16.4,38.8,63.5,50.2,16.5,45.5,49.6,97.8,81.5,43.8,Playoffs,2016
PHOENIX MERCURY,5,2,3,200.0,107.1,114.3,-7.2,57.8,1.22,16.7,24.8,67.0,47.5,17.8,53.7,59.9,97.68,81.4,46.8,Playoffs,2016
ATLANTA DREAM,2,1,1,80.0,119.3,121.4,-2.1,59.7,1.82,17.2,39.0,62.7,50.9,13.7,52.5,57.7,96.0,80.0,47.2,Playoffs,2016
INDIANA FEVER,1,0,1,40.0,98.7,109.9,-11.1,55.2,1.45,14.0,37.3,73.1,49.4,13.9,39.7,45.2,96.0,80.0,32.6,Playoffs,2016
NEW YORK LIBERTY,1,0,1,40.0,119.0,127.8,-8.9,51.4,2.11,17.9,28.6,65.6,46.3,11.4,56.4,59.6,94.8,79.0,43.1,Playoffs,2016
MINNESOTA LYNX,8,5,3,320.0,109.8,101.4,8.4,64.2,1.59,19.0,33.0,71.1,52.8,16.9,51.9,57.2,93.45,77.87,59.1,Playoffs,2016
LOS ANGELES SPARKS,9,6,3,360.0,105.9,99.6,6.3,60.6,1.37,17.4,33.2,64.8,49.5,17.6,51.3,55.3,93.2,77.67,51.6,Playoffs,2016
SEATTLE STORM,1,0,1,40.0,111.8,122.1,-10.2,64.3,3.0,17.0,28.9,69.7,46.2,7.9,43.8,51.5,91.8,76.5,42.8,Playoffs,2016
DALLAS WINGS,1,0,1,40.0,95.0,106.2,-11.2,55.6,2.14,13.3,33.3,59.6,46.2,8.8,35.0,42.2,96.6,80.5,45.0,Playoffs,2017
LOS ANGELES SPARKS,8,5,3,320.0,100.5,97.1,3.4,63.7,1.32,17.6,28.2,70.3,48.9,18.3,48.2,52.9,93.75,78.12,52.7,Playoffs,2017
CONNECTICUT SUN,1,0,1,40.0,106.4,112.8,-6.4,37.5,1.0,11.4,39.5,78.4,57.5,15.4,49.3,52.2,93.6,78.0,45.2,Playoffs,2017
MINNESOTA LYNX,8,6,2,320.0,106.8,99.0,7.8,58.1,1.38,17.3,35.1,71.0,53.6,17.7,52.2,54.8,92.18,76.81,55.3,Playoffs,2017
PHOENIX MERCURY,5,2,3,200.0,102.3,105.5,-3.1,62.1,1.19,16.3,22.5,66.5,45.6,18.0,50.5,56.4,92.16,76.8,46.9,Playoffs,2017
SEATTLE STORM,1,0,1,40.0,90.8,103.9,-13.2,54.5,0.92,12.1,26.2,75.0,48.7,17.1,39.7,47.8,91.2,76.0,37.6,Playoffs,2017
NEW YORK LIBERTY,1,0,1,40.0,90.7,107.9,-17.2,55.6,0.94,16.0,14.7,61.2,42.2,21.3,51.7,53.9,90.6,75.5,43.9,Playoffs,2017
WASHINGTON MYSTICS,5,2,3,200.0,106.6,112.0,-5.4,53.4,1.65,14.8,37.3,67.7,51.4,12.7,45.9,50.0,90.12,75.1,45.7,Playoffs,2017
ATLANTA DREAM,5,2,3,200.0,101.5,106.3,-4.8,52.9,1.35,14.7,35.1,67.1,51.0,15.2,46.8,50.1,94.8,79.0,45.6,Playoffs,2018
CONNECTICUT SUN,1,0,1,40.0,108.9,121.5,-12.7,57.1,4.0,18.2,23.9,75.8,45.6,6.3,49.4,51.2,94.8,79.0,39.2,Playoffs,2018
PHOENIX MERCURY,7,4,3,285.0,111.6,106.4,5.1,57.3,1.84,18.5,25.3,71.4,50.0,13.7,56.0,58.6,94.4,78.67,54.4,Playoffs,2018
WASHINGTON MYSTICS,9,4,5,360.0,106.7,103.1,3.6,57.7,1.7,16.4,29.6,66.0,48.1,13.3,48.4,53.5,93.67,78.06,52.7,Playoffs,2018
SEATTLE STORM,8,6,2,325.0,108.5,104.6,3.9,64.2,1.81,18.4,31.3,74.1,52.3,14.4,51.8,55.4,93.49,77.91,52.3,Playoffs,2018
DALLAS WINGS,1,0,1,40.0,109.2,129.5,-20.3,54.8,1.7,16.3,28.9,69.4,48.6,13.2,48.5,54.0,92.4,77.0,37.9,Playoffs,2018
LOS ANGELES SPARKS,2,1,1,80.0,89.7,107.9,-18.2,58.8,1.3,14.7,24.7,75.4,46.7,14.8,43.6,47.9,92.1,76.75,38.8,Playoffs,2018
MINNESOTA LYNX,1,0,1,40.0,91.9,100.0,-8.1,55.2,0.94,15.5,35.1,78.4,56.8,23.0,49.2,50.1,89.4,74.5,41.3,Playoffs,2018
CHICAGO SKY,2,1,1,80.0,109.4,94.9,14.5,75.3,2.76,22.8,21.4,78.6,50.0,11.7,54.1,57.1,107.4,89.5,59.6,Playoffs,2019
PHOENIX MERCURY,1,0,1,40.0,86.4,118.0,-31.6,62.5,1.0,13.6,16.7,73.7,43.8,17.0,40.8,49.7,106.2,88.5,30.8,Playoffs,2019
LAS VEGAS ACES,5,2,3,200.0,111.6,111.6,0.0,66.9,1.6,19.4,35.2,77.1,57.1,17.4,52.1,57.1,99.12,82.6,51.0,Playoffs,2019
MINNESOTA LYNX,1,0,1,40.0,91.4,103.7,-12.3,50.0,0.8,14.5,35.9,81.1,57.9,24.7,49.3,50.3,97.2,81.0,42.0,Playoffs,2019
LOS ANGELES SPARKS,4,1,3,160.0,90.1,101.2,-11.2,57.8,1.31,15.6,24.4,64.9,45.0,15.8,45.7,48.4,96.6,80.5,44.1,Playoffs,2019
CONNECTICUT SUN,8,5,3,320.0,108.3,101.6,6.8,63.3,1.88,18.5,34.6,75.7,54.2,14.3,50.6,53.6,95.78,79.81,53.1,Playoffs,2019
SEATTLE STORM,2,1,1,80.0,96.2,103.8,-7.5,66.1,1.28,17.2,24.7,62.0,43.6,18.2,48.8,53.3,95.7,79.75,46.0,Playoffs,2019
WASHINGTON MYSTICS,9,6,3,360.0,114.2,111.9,2.4,62.5,2.18,19.2,26.1,64.8,45.7,12.3,54.8,58.5,95.67,79.72,50.5,Playoffs,2019
SEATTLE STORM,6,6,0,240.0,116.0,97.3,18.7,77.0,2.6,23.3,28.7,71.9,51.8,13.1,56.1,59.5,96.0,80.0,62.6,Playoffs,2020
MINNESOTA LYNX,4,1,3,160.0,99.4,108.4,-9.0,63.5,1.4,17.1,23.0,73.8,47.4,16.4,49.6,53.2,95.85,79.87,42.5,Playoffs,2020
PHOENIX MERCURY,2,1,1,80.0,102.5,103.1,-0.6,70.7,1.52,19.2,20.8,73.8,48.7,16.9,53.5,57.1,95.7,79.75,51.7,Playoffs,2020
LAS VEGAS ACES,8,3,5,320.0,93.4,105.2,-11.8,67.4,1.35,17.2,29.8,71.7,50.3,17.6,43.5,48.6,95.1,79.25,42.4,Playoffs,2020
WASHINGTON MYSTICS,1,0,1,40.0,107.7,107.6,0.1,59.4,1.58,17.1,32.6,77.1,52.6,15.4,49.3,52.7,94.2,78.5,47.7,Playoffs,2020
CONNECTICUT SUN,7,4,3,280.0,99.8,92.5,7.4,65.7,1.55,17.7,31.6,73.6,52.0,16.1,46.1,50.4,93.34,77.79,53.8,Playoffs,2020
CHICAGO SKY,1,0,1,40.0,105.2,122.1,-16.9,60.0,1.29,17.8,18.8,46.2,33.8,18.2,56.7,60.4,92.4,77.0,42.0,Playoffs,2020
LOS ANGELES SPARKS,1,0,1,40.0,79.7,96.1,-16.3,70.0,0.93,14.4,22.0,70.5,47.1,20.3,35.0,43.4,90.0,75.0,37.9,Playoffs,2020
MINNESOTA LYNX,1,0,1,40.0,90.5,107.2,-16.8,51.7,0.75,13.8,27.5,69.7,46.6,23.8,50.0,52.9,100.2,83.5,36.1,Playoffs,2021
LAS VEGAS ACES,5,2,3,200.0,102.9,112.6,-9.6,61.0,1.98,17.5,23.8,71.0,46.4,11.9,49.2,53.3,98.16,81.8,46.1,Playoffs,2021
PHOENIX MERCURY,11,6,5,450.0,102.7,103.2,-0.5,67.1,1.48,18.1,28.6,73.9,51.1,17.1,49.2,53.5,95.63,79.69,48.9,Playoffs,2021
SEATTLE STORM,1,0,1,45.0,92.0,95.5,-3.6,67.9,1.46,16.2,22.4,67.3,45.5,14.9,42.8,48.2,93.87,78.22,46.0,Playoffs,2021
CHICAGO SKY,10,8,2,415.0,105.0,94.2,10.8,67.3,1.39,19.0,31.0,70.5,52.1,19.2,52.5,56.3,93.22,77.69,58.0,Playoffs,2021
DALLAS WINGS,1,0,1,40.0,84.2,106.6,-22.4,56.0,1.17,14.0,22.2,64.3,42.5,15.8,42.0,43.9,91.2,76.0,31.7,Playoffs,2021
CONNECTICUT SUN,4,1,3,170.0,100.9,103.7,-2.8,60.7,1.3,16.1,35.8,70.2,51.7,17.6,47.4,51.0,91.06,75.88,47.8,Playoffs,2021
NEW YORK LIBERTY,1,0,1,40.0,109.3,109.2,0.1,59.4,1.9,18.4,23.7,65.0,44.9,13.3,55.1,56.9,90.6,75.5,47.5,Playoffs,2021
NEW YORK LIBERTY,3,1,2,120.0,94.3,114.2,-19.9,70.1,1.42,18.4,20.7,72.3,46.3,17.5,47.8,52.2,98.4,82.0,39.1,Playoffs,2022
CHICAGO SKY,8,4,4,320.0,99.4,95.9,3.5,72.8,1.97,19.9,20.5,73.6,46.6,14.0,49.1,52.6,97.8,81.5,52.4,Playoffs,2022
PHOENIX MERCURY,2,0,2,80.0,90.5,123.3,-32.8,56.1,1.33,14.7,28.6,81.0,49.1,15.2,41.9,44.2,95.1,79.25,29.3,Playoffs,2022
CONNECTICUT SUN,12,6,6,480.0,101.1,94.5,6.6,69.4,1.63,19.0,31.8,79.7,55.4,16.7,47.8,51.6,93.95,78.29,54.1,Playoffs,2022
LAS VEGAS ACES,10,8,2,405.0,108.9,100.5,8.4,59.6,1.64,17.9,19.0,74.2,49.2,14.4,55.5,59.3,93.57,77.98,55.2,Playoffs,2022
SEATTLE STORM,6,3,3,245.0,109.7,111.0,-1.3,68.2,2.42,20.0,24.3,77.5,50.4,11.6,53.0,56.5,92.96,77.47,50.2,Playoffs,2022
DALLAS WINGS,3,1,2,120.0,94.7,107.9,-13.2,64.6,1.18,16.8,30.5,60.2,45.6,19.8,47.7,50.6,90.8,75.67,41.0,Playoffs,2022
WASHINGTON MYSTICS,2,0,2,80.0,112.1,121.2,-9.1,67.2,1.78,19.5,27.0,69.4,46.3,15.4,54.6,57.9,90.0,75.0,43.0,Playoffs,2022
ATLANTA DREAM,2,0,2,80.0,89.1,110.8,-21.7,57.1,0.94,14.0,23.4,63.6,41.5,19.4,45.8,48.9,105.3,87.75,32.9,Playoffs,2023
DALLAS WINGS,5,2,3,200.0,101.4,98.3,3.1,59.5,1.47,16.2,37.2,74.1,54.2,15.8,47.7,50.2,99.84,83.2,51.8,Playoffs,2023
CHICAGO SKY,2,0,2,80.0,79.1,109.8,-30.7,59.2,0.91,13.7,22.5,70.0,46.4,19.6,40.1,43.8,97.8,81.5,29.2,Playoffs,2023
LAS VEGAS ACES,9,8,1,360.0,108.1,92.7,15.4,62.6,1.5,17.6,28.2,71.3,51.8,16.1,51.2,56.5,96.07,80.06,60.1,Playoffs,2023
WASHINGTON MYSTICS,2,0,2,85.0,95.8,108.4,-12.6,69.8,2.0,18.4,29.8,62.6,45.9,13.2,44.8,47.8,94.02,78.35,43.7,Playoffs,2023
NEW YORK LIBERTY,10,6,4,405.0,103.8,104.8,-1.0,66.4,1.61,17.9,31.6,69.9,50.4,15.7,49.0,52.6,93.39,77.83,49.5,Playoffs,2023
CONNECTICUT SUN,7,3,4,280.0,107.9,102.1,5.8,70.9,2.0,20.5,30.0,69.5,49.9,14.8,52.9,55.2,91.29,76.07,53.7,Playoffs,2023
MINNESOTA LYNX,3,1,2,120.0,95.2,111.8,-16.7,63.8,1.34,16.8,21.9,74.8,47.5,16.7,48.1,52.0,91.2,76.0,39.7,Playoffs,2023
