"","team","gp","w","l","season","mean_attendance","win_percent"
"1","Detroit Shock",32,14,18,2000,6715.5625,0.4375
"2","Utah Starzz",32,18,14,2000,6465.125,0.5625
"3","Los Angeles Sparks",32,28,4,2000,7150,0.875
"4","Portland Fire",32,10,22,2000,8317.25,0.3125
"5","Sacramento Monarchs",32,21,11,2000,7940.23529411765,0.65625
"6","Minnesota Lynx",32,15,17,2000,7289.875,0.46875
"7","Indiana Fever",32,9,23,2000,11266.875,0.28125
"8","Charlotte Sting",32,8,24,2000,5685.1875,0.25
"9","Houston Comets",32,27,5,2000,12597,0.84375
"10","Washington Mystics",32,14,18,2000,15321.4705882353,0.4375
"11","Orlando Miracle",32,16,16,2000,7298.52941176471,0.5
"12","Phoenix Mercury",32,20,12,2000,9896.82352941176,0.625
"13","Cleveland Rockers",32,17,15,2000,8868.47368421053,0.53125
"14","New York Liberty",32,20,12,2000,14893.6,0.625
"15","Seattle Storm",32,6,26,2000,8912.125,0.1875
"16","Miami Sol",32,13,19,2000,7982.5625,0.40625
"17","Los Angeles Sparks",32,28,4,2001,9473.15,0.875
"18","Sacramento Monarchs",32,20,12,2001,8299.94444444445,0.625
"19","Phoenix Mercury",32,13,19,2001,8561.375,0.40625
"20","Orlando Miracle",32,13,19,2001,7429.625,0.40625
"21","Portland Fire",32,11,21,2001,8603.5,0.34375
"22","Utah Starzz",32,19,13,2001,7051.11764705882,0.59375
"23","Minnesota Lynx",32,12,20,2001,7537.9375,0.375
"24","Indiana Fever",32,10,22,2001,8682.625,0.3125
"25","Detroit Shock",32,10,22,2001,6834.25,0.3125
"26","Washington Mystics",32,10,22,2001,15416.6875,0.3125
"27","New York Liberty",32,21,11,2001,15587.7,0.65625
"28","Houston Comets",32,19,13,2001,11227.7058823529,0.59375
"29","Seattle Storm",32,10,22,2001,5953.5625,0.3125
"30","Charlotte Sting",32,18,14,2001,7950.15789473684,0.5625
"31","Miami Sol",32,20,12,2001,8861.88235294118,0.625
"32","Cleveland Rockers",32,22,10,2001,9478.27777777778,0.6875
"33","Utah Starzz",32,20,12,2002,7790.88888888889,0.625
"34","Los Angeles Sparks",32,25,7,2002,11485.7368421053,0.78125
"35","Detroit Shock",32,9,23,2002,5885.6875,0.28125
"36","Portland Fire",32,16,16,2002,8037.25,0.5
"37","Phoenix Mercury",32,11,21,2002,8737.375,0.34375
"38","Sacramento Monarchs",32,14,18,2002,9011.1875,0.4375
"39","Orlando Miracle",32,16,16,2002,7114.8125,0.5
"40","Seattle Storm",32,17,15,2002,7144.70588235294,0.53125
"41","Washington Mystics",32,17,15,2002,16142.8888888889,0.53125
"42","Minnesota Lynx",32,10,22,2002,7819.375,0.3125
"43","Indiana Fever",32,16,16,2002,8537.82352941176,0.5
"44","Houston Comets",32,24,8,2002,10834.2777777778,0.75
"45","Miami Sol",32,15,17,2002,8828.25,0.46875
"46","Cleveland Rockers",32,10,22,2002,9317.75,0.3125
"47","Charlotte Sting",32,18,14,2002,6629.88235294118,0.5625
"48","New York Liberty",32,18,14,2002,14355.8571428571,0.5625
"49","Detroit Shock",34,25,9,2003,9111.77272727273,0.735294117647059
"50","Los Angeles Sparks",34,24,10,2003,9008.31818181818,0.705882352941177
"51","San Antonio Silver Stars",34,12,22,2003,NA,0.352941176470588
"52","Connecticut Sun",34,18,16,2003,5989.47368421053,0.529411764705882
"53","Sacramento Monarchs",34,19,15,2003,9482.94736842105,0.558823529411765
"54","Washington Mystics",34,9,25,2003,14041.7647058824,0.264705882352941
"55","Minnesota Lynx",34,18,16,2003,6881.94444444444,0.529411764705882
"56","Phoenix Mercury",34,8,26,2003,8500.64705882353,0.235294117647059
"57","Seattle Storm",34,18,16,2003,7109.23529411765,0.529411764705882
"58","Cleveland Rockers",34,17,17,2003,7456.83333333333,0.5
"59","Indiana Fever",34,16,18,2003,8339.88235294118,0.470588235294118
"60","Houston Comets",34,20,14,2003,8630.26315789474,0.588235294117647
"61","New York Liberty",34,16,18,2003,12490.9411764706,0.470588235294118
"62","Charlotte Sting",34,18,16,2003,7007.22222222222,0.529411764705882
"63","Los Angeles Sparks",34,25,9,2004,10092,0.735294117647059
"64","Detroit Shock",34,17,17,2004,9470.77777777778,0.5
"65","Washington Mystics",34,17,17,2004,12650.6111111111,0.5
"66","Seattle Storm",34,20,14,2004,8783.59090909091,0.588235294117647
"67","Minnesota Lynx",34,18,16,2004,7243.61111111111,0.529411764705882
"68","Connecticut Sun",34,18,16,2004,6673.90476190476,0.529411764705882
"69","San Antonio Silver Stars",34,9,25,2004,NA,0.264705882352941
"70","Phoenix Mercury",34,17,17,2004,7638.11764705882,0.5
"71","Sacramento Monarchs",34,18,16,2004,8976.42105263158,0.529411764705882
"72","New York Liberty",34,18,16,2004,9847.7,0.529411764705882
"73","Houston Comets",34,13,21,2004,8085.58823529412,0.382352941176471
"74","Indiana Fever",34,15,19,2004,7589.29411764706,0.441176470588235
"75","Charlotte Sting",34,16,18,2004,6846.05882352941,0.470588235294118
"76","Seattle Storm",34,20,14,2005,8823.21052631579,0.588235294117647
"77","Detroit Shock",34,16,18,2005,9182.55555555555,0.470588235294118
"78","Los Angeles Sparks",34,17,17,2005,8723.38888888889,0.5
"79","Phoenix Mercury",34,16,18,2005,7302.70588235294,0.470588235294118
"80","Connecticut Sun",34,26,8,2005,7347.61904761905,0.764705882352941
"81","Sacramento Monarchs",34,25,9,2005,9196,0.735294117647059
"82","Minnesota Lynx",34,14,20,2005,6673.35294117647,0.411764705882353
"83","San Antonio Silver Stars",34,7,27,2005,NA,0.205882352941176
"84","Washington Mystics",34,16,18,2005,10088.2941176471,0.470588235294118
"85","Houston Comets",34,19,15,2005,6984.52631578947,0.558823529411765
"86","Charlotte Sting",34,6,28,2005,5746.70588235294,0.176470588235294
"87","Indiana Fever",34,21,13,2005,8229.26315789474,0.61764705882353
"88","New York Liberty",34,18,16,2005,10011.1111111111,0.529411764705882
"89","Phoenix Mercury",33,17,16,2006,7495.88235294118,0.515151515151515
"90","Charlotte Sting",34,11,23,2006,5783.88235294118,0.323529411764706
"91","Washington Mystics",34,18,16,2006,7877.88888888889,0.529411764705882
"92","Minnesota Lynx",34,10,24,2006,6442.47058823529,0.294117647058824
"93","Connecticut Sun",34,26,8,2006,7362.15,0.764705882352941
"94","Seattle Storm",34,18,16,2006,8590.16666666667,0.529411764705882
"95","San Antonio Silver Stars",34,13,21,2006,NA,0.382352941176471
"96","Detroit Shock",34,23,11,2006,10304.5454545455,0.676470588235294
"97","Los Angeles Sparks",34,25,9,2006,8136.35,0.735294117647059
"98","Houston Comets",34,18,16,2006,7405.88888888889,0.529411764705882
"99","Chicago Sky",34,5,29,2006,3390.82352941176,0.147058823529412
"100","Sacramento Monarchs",34,21,13,2006,9308.7619047619,0.61764705882353
"101","Indiana Fever",34,21,13,2006,7207.16666666667,0.61764705882353
"102","New York Liberty",33,11,22,2006,9120.47058823529,0.333333333333333
"103","Phoenix Mercury",34,23,11,2007,8164.57142857143,0.676470588235294
"104","Detroit Shock",34,24,10,2007,10651.5833333333,0.705882352941177
"105","Los Angeles Sparks",34,10,24,2007,8695,0.294117647058824
"106","Connecticut Sun",34,18,16,2007,7931.16666666667,0.529411764705882
"107","Minnesota Lynx",34,10,24,2007,6971.35294117647,0.294117647058824
"108","Washington Mystics",34,16,18,2007,7788,0.470588235294118
"109","Houston Comets",34,13,21,2007,8165.64705882353,0.382352941176471
"110","Seattle Storm",34,17,17,2007,8021.44444444444,0.5
"111","New York Liberty",34,16,18,2007,8769,0.470588235294118
"112","Indiana Fever",34,21,13,2007,7289.4,0.61764705882353
"113","Chicago Sky",34,14,20,2007,3709.35294117647,0.411764705882353
"114","Sacramento Monarchs",34,19,15,2007,8483.61111111111,0.558823529411765
"115","San Antonio Silver Stars",34,20,14,2007,NA,0.588235294117647
"116","Phoenix Mercury",34,16,18,2008,8521.58823529412,0.470588235294118
"117","Atlanta Dream",34,4,30,2008,8467.64705882353,0.117647058823529
"118","Minnesota Lynx",34,16,18,2008,7057.17647058824,0.470588235294118
"119","Sacramento Monarchs",34,18,16,2008,8156.22222222222,0.529411764705882
"120","Detroit Shock",34,22,12,2008,9251.36363636364,0.647058823529412
"121","Connecticut Sun",34,21,13,2008,7536.63157894737,0.61764705882353
"122","Los Angeles Sparks",34,20,14,2008,9386.42105263158,0.588235294117647
"123","Washington Mystics",34,10,24,2008,9096.29411764706,0.294117647058824
"124","Houston Comets",34,17,17,2008,6585.35294117647,0.5
"125","San Antonio Silver Stars",34,24,10,2008,NA,0.705882352941177
"126","New York Liberty",34,19,15,2008,9270.1052631579,0.558823529411765
"127","Indiana Fever",34,17,17,2008,7697.44444444444,0.5
"128","Seattle Storm",34,22,12,2008,8238.84210526316,0.647058823529412
"129","Chicago Sky",34,12,22,2008,3655.64705882353,0.352941176470588
"130","Phoenix Mercury",34,23,11,2009,9149.54166666667,0.676470588235294
"131","Atlanta Dream",34,18,16,2009,6973.16666666667,0.529411764705882
"132","Minnesota Lynx",34,14,20,2009,7536.88235294118,0.411764705882353
"133","Washington Mystics",34,16,18,2009,11059.9444444444,0.470588235294118
"134","Connecticut Sun",34,16,18,2009,6793.88235294118,0.470588235294118
"135","Detroit Shock",34,18,16,2009,7869.47368421053,0.529411764705882
"136","Sacramento Monarchs",34,12,22,2009,7744.35294117647,0.352941176470588
"137","Indiana Fever",34,22,12,2009,9469.27272727273,0.647058823529412
"138","Chicago Sky",34,16,18,2009,3932.64705882353,0.470588235294118
"139","New York Liberty",34,13,21,2009,9800.23529411765,0.382352941176471
"140","San Antonio Silver Stars",34,15,19,2009,NA,0.441176470588235
"141","Los Angeles Sparks",34,18,16,2009,10047.1052631579,0.529411764705882
"142","Seattle Storm",34,20,14,2009,7940.57894736842,0.588235294117647
"143","Phoenix Mercury",34,15,19,2010,8980.15789473684,0.441176470588235
"144","Atlanta Dream",34,19,15,2010,6879,0.558823529411765
"145","Tulsa Shock",34,6,28,2010,4812.41176470588,0.176470588235294
"146","Minnesota Lynx",34,13,21,2010,7622.47058823529,0.382352941176471
"147","Connecticut Sun",34,17,17,2010,7486.35294117647,0.5
"148","Los Angeles Sparks",34,13,21,2010,9404.27777777778,0.382352941176471
"149","Indiana Fever",34,21,13,2010,8311.94444444445,0.61764705882353
"150","San Antonio Silver Stars",34,14,20,2010,NA,0.411764705882353
"151","Seattle Storm",34,28,6,2010,9082.33333333333,0.823529411764706
"152","Washington Mystics",34,22,12,2010,9410.38888888889,0.647058823529412
"153","New York Liberty",34,22,12,2010,11686.35,0.647058823529412
"154","Chicago Sky",34,14,20,2010,4291.70588235294,0.411764705882353
"155","Atlanta Dream",34,20,14,2011,6838,0.588235294117647
"156","Phoenix Mercury",34,19,15,2011,9148.31578947369,0.558823529411765
"157","Connecticut Sun",34,21,13,2011,7073.55555555556,0.61764705882353
"158","San Antonio Silver Stars",34,18,16,2011,NA,0.529411764705882
"159","Chicago Sky",34,14,20,2011,5536.23529411765,0.411764705882353
"160","Minnesota Lynx",34,27,7,2011,9251.18181818182,0.794117647058823
"161","Tulsa Shock",34,3,31,2011,4827.58823529412,0.0882352941176471
"162","New York Liberty",34,19,15,2011,7746.88888888889,0.558823529411765
"163","Los Angeles Sparks",34,15,19,2011,10319.7647058824,0.441176470588235
"164","Indiana Fever",34,21,13,2011,8056.19047619048,0.61764705882353
"165","Washington Mystics",34,6,28,2011,10449.3529411765,0.176470588235294
"166","Seattle Storm",34,21,13,2011,8582.31578947369,0.61764705882353
"167","Phoenix Mercury",34,7,27,2012,7814.05882352941,0.205882352941176
"168","Los Angeles Sparks",34,24,10,2012,9936.52631578947,0.705882352941177
"169","Atlanta Dream",34,19,15,2012,5533.22222222222,0.558823529411765
"170","Tulsa Shock",34,9,25,2012,5203.11764705882,0.264705882352941
"171","Connecticut Sun",34,25,9,2012,7157.7,0.735294117647059
"172","Minnesota Lynx",34,27,7,2012,9916.63636363636,0.794117647058823
"173","San Antonio Silver Stars",34,21,13,2012,NA,0.61764705882353
"174","New York Liberty",34,15,19,2012,6822.44444444444,0.441176470588235
"175","Chicago Sky",34,14,20,2012,5573.29411764706,0.411764705882353
"176","Washington Mystics",34,5,29,2012,8638.88235294118,0.147058823529412
"177","Indiana Fever",34,22,12,2012,8459.81818181818,0.647058823529412
"178","Seattle Storm",34,16,18,2012,7541.38888888889,0.470588235294118
"179","Atlanta Dream",34,17,17,2013,5557.66666666667,0.5
"180","Phoenix Mercury",34,19,15,2013,8662.94736842105,0.558823529411765
"181","Los Angeles Sparks",34,24,10,2013,9768.1052631579,0.705882352941177
"182","Washington Mystics",34,17,17,2013,7794.83333333333,0.5
"183","Connecticut Sun",34,10,24,2013,6548.23529411765,0.294117647058824
"184","Minnesota Lynx",34,26,8,2013,9687.85714285714,0.764705882352941
"185","Chicago Sky",34,24,10,2013,6561.5,0.705882352941177
"186","New York Liberty",34,11,23,2013,7189.23529411765,0.323529411764706
"187","Tulsa Shock",34,11,23,2013,5473.82352941176,0.323529411764706
"188","San Antonio Silver Stars",34,12,22,2013,NA,0.352941176470588
"189","Seattle Storm",34,17,17,2013,6784.88888888889,0.5
"190","Indiana Fever",34,16,18,2013,8052.1052631579,0.470588235294118
"191","Atlanta Dream",34,19,15,2014,5815.84210526316,0.558823529411765
"192","Los Angeles Sparks",34,16,18,2014,8241.66666666667,0.470588235294118
"193","Chicago Sky",34,15,19,2014,6578.5,0.441176470588235
"194","Tulsa Shock",34,12,22,2014,5566.23529411765,0.352941176470588
"195","Phoenix Mercury",34,29,5,2014,10035.9545454545,0.852941176470588
"196","Minnesota Lynx",34,25,9,2014,9352.21052631579,0.735294117647059
"197","Connecticut Sun",34,13,21,2014,5980.11764705882,0.382352941176471
"198","New York Liberty",34,15,19,2014,8948.70588235294,0.441176470588235
"199","San Antonio Stars",34,16,18,2014,7683.94444444444,0.470588235294118
"200","Washington Mystics",34,16,18,2014,8252.05555555555,0.470588235294118
"201","Indiana Fever",34,16,18,2014,7757.2,0.470588235294118
"202","Seattle Storm",34,12,22,2014,6716.52941176471,0.352941176470588
"203","Atlanta Dream",34,15,19,2015,6122.35294117647,0.441176470588235
"204","Chicago Sky",34,21,13,2015,6535.84210526316,0.61764705882353
"205","Indiana Fever",34,20,14,2015,8037.47619047619,0.588235294117647
"206","New York Liberty",34,23,11,2015,9162.80952380952,0.676470588235294
"207","San Antonio Stars",34,8,26,2015,4831.17647058824,0.235294117647059
"208","Seattle Storm",34,10,24,2015,6515.70588235294,0.294117647058824
"209","Tulsa Shock",34,18,16,2015,5061.38888888889,0.529411764705882
"210","Minnesota Lynx",34,22,12,2015,9885.13043478261,0.647058823529412
"211","Phoenix Mercury",34,20,14,2015,9866.15789473684,0.588235294117647
"212","Connecticut Sun",34,15,19,2015,5556.88235294118,0.441176470588235
"213","Washington Mystics",34,18,16,2015,7653.05555555556,0.529411764705882
"214","Los Angeles Sparks",34,14,20,2015,8733.83333333333,0.411764705882353
"215","Chicago Sky",34,18,16,2016,6596.4,0.529411764705882
"216","Dallas Wings",34,11,23,2016,5297.64705882353,0.323529411764706
"217","Atlanta Dream",34,17,17,2016,5443.55555555556,0.5
"218","Connecticut Sun",34,14,20,2016,NA,0.411764705882353
"219","Phoenix Mercury",34,16,18,2016,10310.8888888889,0.470588235294118
"220","New York Liberty",34,21,13,2016,9751.5,0.61764705882353
"221","Minnesota Lynx",34,28,6,2016,10128.5,0.823529411764706
"222","Indiana Fever",34,17,17,2016,8447.38888888889,0.5
"223","Seattle Storm",34,16,18,2016,7230.11764705882,0.470588235294118
"224","Los Angeles Sparks",34,26,8,2016,9360.28571428571,0.764705882352941
"225","Washington Mystics",34,13,21,2016,6929.11764705882,0.382352941176471
"226","San Antonio Stars",34,7,27,2016,6385.35294117647,0.205882352941176
"227","Dallas Wings",34,16,18,2017,3872,0.470588235294118
"228","Connecticut Sun",34,21,13,2017,6821.66666666667,0.61764705882353
"229","Chicago Sky",34,12,22,2017,6583.47058823529,0.352941176470588
"230","Atlanta Dream",34,12,22,2017,4452,0.352941176470588
"231","Phoenix Mercury",34,18,16,2017,9806.47368421053,0.529411764705882
"232","Minnesota Lynx",34,27,7,2017,10530.6818181818,0.794117647058823
"233","New York Liberty",34,22,12,2017,9869.16666666667,0.647058823529412
"234","Seattle Storm",34,15,19,2017,7704.41176470588,0.441176470588235
"235","Washington Mystics",34,18,16,2017,7712.8947368421,0.529411764705882
"236","San Antonio Stars",34,8,26,2017,6385.52941176471,0.235294117647059
"237","Los Angeles Sparks",34,26,8,2017,11044.9047619048,0.764705882352941
"238","Indiana Fever",34,9,25,2017,7537.70588235294,0.264705882352941
"239","Las Vegas Aces",33,14,19,2018,5307,0.424242424242424
"240","Atlanta Dream",34,23,11,2018,4231.95,0.676470588235294
"241","Dallas Wings",34,15,19,2018,4751.88235294118,0.441176470588235
"242","Chicago Sky",34,13,21,2018,6358.29411764706,0.382352941176471
"243","Connecticut Sun",34,21,13,2018,6753.83333333333,0.61764705882353
"244","Phoenix Mercury",34,20,14,2018,9872.35,0.588235294117647
"245","Seattle Storm",34,26,8,2018,8723.09090909091,0.764705882352941
"246","New York Liberty",34,7,27,2018,2822.82352941176,0.205882352941176
"247","Indiana Fever",34,6,28,2018,6311.47058823529,0.176470588235294
"248","Washington Mystics",33,21,12,2018,5923.85,0.636363636363636
"249","Minnesota Lynx",34,18,16,2018,NA,0.529411764705882
"250","Los Angeles Sparks",34,19,15,2018,10528.2222222222,0.558823529411765
"251","Chicago Sky",34,20,14,2019,6709.38888888889,0.588235294117647
"252","Las Vegas Aces",34,21,13,2019,4949.7,0.61764705882353
"253","New York Liberty",34,10,24,2019,2239.23529411765,0.294117647058824
"254","Connecticut Sun",34,23,11,2019,7099.09523809524,0.676470588235294
"255","Los Angeles Sparks",34,22,12,2019,10805.5263157895,0.647058823529412
"256","Minnesota Lynx",34,18,16,2019,9068.82352941176,0.529411764705882
"257","Atlanta Dream",34,8,26,2019,4270.35294117647,0.235294117647059
"258","Washington Mystics",34,26,8,2019,4457.09090909091,0.764705882352941
"259","Indiana Fever",34,13,21,2019,5886.94117647059,0.382352941176471
"260","Seattle Storm",34,18,16,2019,7419.94444444444,0.529411764705882
"261","Phoenix Mercury",34,15,19,2019,10192.5294117647,0.441176470588235
"262","Dallas Wings",34,10,24,2019,4999.29411764706,0.294117647058824
"263","Las Vegas Aces",22,18,4,2020,NA,0.818181818181818
"264","New York Liberty",22,2,20,2020,NA,0.0909090909090909
"265","Phoenix Mercury",22,13,9,2020,NA,0.590909090909091
"266","Chicago Sky",22,12,10,2020,NA,0.545454545454545
"267","Atlanta Dream",22,7,15,2020,NA,0.318181818181818
"268","Seattle Storm",22,18,4,2020,NA,0.818181818181818
"269","Los Angeles Sparks",22,15,7,2020,NA,0.681818181818182
"270","Indiana Fever",22,6,16,2020,NA,0.272727272727273
"271","Connecticut Sun",22,10,12,2020,NA,0.454545454545455
"272","Dallas Wings",22,8,14,2020,NA,0.363636363636364
"273","Minnesota Lynx",22,14,8,2020,NA,0.636363636363636
"274","Washington Mystics",22,9,13,2020,NA,0.409090909090909
"275","Las Vegas Aces",32,24,8,2021,3850.36842105263,0.75
"276","New York Liberty",32,12,20,2021,1757.0625,0.375
"277","Chicago Sky",32,16,16,2021,4244.94736842105,0.5
"278","Atlanta Dream",32,8,24,2021,1346.8125,0.25
"279","Seattle Storm",32,21,11,2021,2770,0.65625
"280","Washington Mystics",32,12,20,2021,2112.625,0.375
"281","Minnesota Lynx",32,22,10,2021,2792.52941176471,0.6875
"282","Indiana Fever",32,6,26,2021,NA,0.1875
"283","Dallas Wings",32,14,18,2021,2101.0625,0.4375
"284","Los Angeles Sparks",32,12,20,2021,1144.9375,0.375
"285","Phoenix Mercury",32,19,13,2021,6744.42857142857,0.59375
"286","Connecticut Sun",32,26,6,2021,3205.44444444444,0.8125
"287","Las Vegas Aces",36,26,10,2022,6617.41666666667,0.722222222222222
"288","Indiana Fever",36,5,31,2022,1775.77777777778,0.138888888888889
"289","Atlanta Dream",36,14,22,2022,2682.16666666667,0.388888888888889
"290","Los Angeles Sparks",36,13,23,2022,5652.61111111111,0.361111111111111
"291","Chicago Sky",36,26,10,2022,7381.60869565217,0.722222222222222
"292","Connecticut Sun",36,25,11,2022,6158.875,0.694444444444444
"293","Seattle Storm",36,22,14,2022,10887.8636363636,0.611111111111111
"294","Phoenix Mercury",36,15,21,2022,7973.88888888889,0.416666666666667
"295","Minnesota Lynx",36,14,22,2022,7443.77777777778,0.388888888888889
"296","New York Liberty",36,16,20,2022,5458.8947368421,0.444444444444444
"297","Dallas Wings",36,18,18,2022,3852.47368421053,0.5
"298","Washington Mystics",36,22,14,2022,3982.55555555556,0.611111111111111
"299","Atlanta Dream",40,19,21,2023,2995.73684210526,0.475
"300","Las Vegas Aces",40,34,6,2023,9713.57692307692,0.85
"301","Dallas Wings",40,22,18,2023,4735.34782608696,0.55
"302","Seattle Storm",40,11,29,2023,8929.05,0.275
"303","New York Liberty",40,32,8,2023,8731.73076923077,0.8
"304","Washington Mystics",40,19,21,2023,4390.65,0.475
"305","Los Angeles Sparks",40,17,23,2023,6553.5,0.425
"306","Chicago Sky",40,18,22,2023,7241.7,0.45
"307","Minnesota Lynx",40,19,21,2023,7822.04761904762,0.475
"308","Connecticut Sun",40,27,13,2023,6415.375,0.675
"309","Indiana Fever",40,13,27,2023,4066.8,0.325
"310","Phoenix Mercury",40,9,31,2023,9196.75,0.225
"311","Utah Starzz",2,0,2,2001,7051.11764705882,0
"312","Sacramento Monarchs",5,3,2,2001,8299.94444444445,0.6
"313","Los Angeles Sparks",7,6,1,2001,9473.15,0.857142857142857
"314","Houston Comets",2,0,2,2001,11227.7058823529,0
"315","Miami Sol",3,1,2,2001,8861.88235294118,0.333333333333333
"316","Charlotte Sting",8,4,4,2001,7950.15789473684,0.5
"317","New York Liberty",6,3,3,2001,15587.7,0.5
"318","Cleveland Rockers",3,1,2,2001,9478.27777777778,0.333333333333333
"319","Seattle Storm",2,0,2,2002,7144.70588235294,0
"320","Los Angeles Sparks",6,6,0,2002,11485.7368421053,1
"321","Utah Starzz",5,2,3,2002,7790.88888888889,0.4
"322","Houston Comets",3,1,2,2002,10834.2777777778,0.333333333333333
"323","Charlotte Sting",2,0,2,2002,6629.88235294118,0
"324","Indiana Fever",3,1,2,2002,8537.82352941176,0.333333333333333
"325","New York Liberty",8,4,4,2002,14355.8571428571,0.5
"326","Washington Mystics",5,3,2,2002,16142.8888888889,0.6
"327","Cleveland Rockers",3,1,2,2003,7456.83333333333,0.333333333333333
"328","Minnesota Lynx",3,1,2,2003,6881.94444444444,0.333333333333333
"329","Detroit Shock",8,6,2,2003,9111.77272727273,0.75
"330","Los Angeles Sparks",9,5,4,2003,9008.31818181818,0.555555555555556
"331","Houston Comets",3,1,2,2003,8630.26315789474,0.333333333333333
"332","Sacramento Monarchs",6,3,3,2003,9482.94736842105,0.5
"333","Connecticut Sun",4,2,2,2003,5989.47368421053,0.5
"334","Charlotte Sting",2,0,2,2003,7007.22222222222,0
"335","Los Angeles Sparks",3,1,2,2004,10092,0.333333333333333
"336","Seattle Storm",8,6,2,2004,8783.59090909091,0.75
"337","Detroit Shock",3,1,2,2004,9470.77777777778,0.333333333333333
"338","Sacramento Monarchs",6,3,3,2004,8976.42105263158,0.5
"339","Connecticut Sun",8,5,3,2004,6673.90476190476,0.625
"340","Washington Mystics",3,1,2,2004,12650.6111111111,0.333333333333333
"341","Minnesota Lynx",2,0,2,2004,7243.61111111111,0
"342","New York Liberty",5,2,3,2004,9847.7,0.4
"343","Seattle Storm",3,1,2,2005,8823.21052631579,0.333333333333333
"344","Los Angeles Sparks",2,0,2,2005,8723.38888888889,0
"345","Detroit Shock",2,0,2,2005,9182.55555555555,0
"346","Houston Comets",5,2,3,2005,6984.52631578947,0.4
"347","Sacramento Monarchs",8,7,1,2005,9196,0.875
"348","Connecticut Sun",8,5,3,2005,7347.61904761905,0.625
"349","Indiana Fever",4,2,2,2005,8229.26315789474,0.5
"350","New York Liberty",2,0,2,2005,10011.1111111111,0
"351","Washington Mystics",2,0,2,2006,7877.88888888889,0
"352","Indiana Fever",2,0,2,2006,7207.16666666667,0
"353","Detroit Shock",10,7,3,2006,10304.5454545455,0.7
"354","Connecticut Sun",5,3,2,2006,7362.15,0.6
"355","Seattle Storm",3,1,2,2006,8590.16666666667,0.333333333333333
"356","Sacramento Monarchs",9,6,3,2006,9308.7619047619,0.666666666666667
"357","Los Angeles Sparks",5,2,3,2006,8136.35,0.4
"358","Houston Comets",2,0,2,2006,7405.88888888889,0
"359","Phoenix Mercury",9,7,2,2007,8164.57142857143,0.777777777777778
"360","San Antonio Silver Stars",5,2,3,2007,NA,0.4
"361","Seattle Storm",2,0,2,2007,8021.44444444444,0
"362","Detroit Shock",11,6,5,2007,10651.5833333333,0.545454545454545
"363","Sacramento Monarchs",3,1,2,2007,8483.61111111111,0.333333333333333
"364","Connecticut Sun",3,1,2,2007,7931.16666666667,0.333333333333333
"365","Indiana Fever",6,3,3,2007,7289.4,0.5
"366","New York Liberty",3,1,2,2007,8769,0.333333333333333
"367","Sacramento Monarchs",3,1,2,2008,8156.22222222222,0.333333333333333
"368","Indiana Fever",3,1,2,2008,7697.44444444444,0.333333333333333
"369","San Antonio Silver Stars",9,4,5,2008,NA,0.444444444444444
"370","Seattle Storm",3,1,2,2008,8238.84210526316,0.333333333333333
"371","Los Angeles Sparks",6,3,3,2008,9386.42105263158,0.5
"372","Detroit Shock",9,7,2,2008,9251.36363636364,0.777777777777778
"373","Connecticut Sun",3,1,2,2008,7536.63157894737,0.333333333333333
"374","New York Liberty",6,3,3,2008,9270.1052631579,0.5
"375","Atlanta Dream",2,0,2,2009,6973.16666666667,0
"376","Detroit Shock",5,3,2,2009,7869.47368421053,0.6
"377","Phoenix Mercury",11,7,4,2009,9149.54166666667,0.636363636363636
"378","Indiana Fever",10,6,4,2009,9469.27272727273,0.6
"379","San Antonio Silver Stars",3,1,2,2009,NA,0.333333333333333
"380","Washington Mystics",2,0,2,2009,11059.9444444444,0
"381","Los Angeles Sparks",6,3,3,2009,10047.1052631579,0.5
"382","Seattle Storm",3,1,2,2009,7940.57894736842,0.333333333333333
"383","Washington Mystics",2,0,2,2010,9410.38888888889,0
"384","Atlanta Dream",7,4,3,2010,6879,0.571428571428571
"385","San Antonio Silver Stars",2,0,2,2010,NA,0
"386","Phoenix Mercury",4,2,2,2010,8980.15789473684,0.5
"387","Seattle Storm",7,7,0,2010,9082.33333333333,1
"388","New York Liberty",5,2,3,2010,11686.35,0.4
"389","Indiana Fever",3,1,2,2010,8311.94444444445,0.333333333333333
"390","Los Angeles Sparks",2,0,2,2010,9404.27777777778,0
"391","Connecticut Sun",2,0,2,2011,7073.55555555556,0
"392","Atlanta Dream",8,4,4,2011,6838,0.5
"393","Seattle Storm",3,1,2,2011,8582.31578947369,0.333333333333333
"394","Phoenix Mercury",5,2,3,2011,9148.31578947369,0.4
"395","Minnesota Lynx",8,7,1,2011,9251.18181818182,0.875
"396","Indiana Fever",6,3,3,2011,8056.19047619048,0.5
"397","New York Liberty",3,1,2,2011,7746.88888888889,0.333333333333333
"398","San Antonio Silver Stars",3,1,2,2011,NA,0.333333333333333
"399","San Antonio Silver Stars",2,0,2,2012,NA,0
"400","Atlanta Dream",3,1,2,2012,5533.22222222222,0.333333333333333
"401","Los Angeles Sparks",4,2,2,2012,9936.52631578947,0.5
"402","Minnesota Lynx",9,5,4,2012,9916.63636363636,0.555555555555556
"403","Indiana Fever",10,7,3,2012,8459.81818181818,0.7
"404","New York Liberty",2,0,2,2012,6822.44444444444,0
"405","Seattle Storm",3,1,2,2012,7541.38888888889,0.333333333333333
"406","Connecticut Sun",5,3,2,2012,7157.7,0.6
"407","Phoenix Mercury",5,2,3,2013,8662.94736842105,0.4
"408","Los Angeles Sparks",3,1,2,2013,9768.1052631579,0.333333333333333
"409","Minnesota Lynx",7,7,0,2013,9687.85714285714,1
"410","Atlanta Dream",8,4,4,2013,5557.66666666667,0.5
"411","Washington Mystics",3,1,2,2013,7794.83333333333,0.333333333333333
"412","Indiana Fever",4,2,2,2013,8052.1052631579,0.5
"413","Chicago Sky",2,0,2,2013,6561.5,0
"414","Seattle Storm",2,0,2,2013,6784.88888888889,0
"415","Atlanta Dream",3,1,2,2014,5815.84210526316,0.333333333333333
"416","Los Angeles Sparks",2,0,2,2014,8241.66666666667,0
"417","Minnesota Lynx",5,3,2,2014,9352.21052631579,0.6
"418","Phoenix Mercury",8,7,1,2014,10035.9545454545,0.875
"419","San Antonio Stars",2,0,2,2014,7683.94444444444,0
"420","Chicago Sky",9,4,5,2014,6578.5,0.444444444444444
"421","Washington Mystics",2,0,2,2014,8252.05555555555,0
"422","Indiana Fever",5,3,2,2014,7757.2,0.6
"423","Tulsa Shock",2,0,2,2015,5061.38888888889,0
"424","Chicago Sky",3,1,2,2015,6535.84210526316,0.333333333333333
"425","Phoenix Mercury",4,2,2,2015,9866.15789473684,0.5
"426","Los Angeles Sparks",3,1,2,2015,8733.83333333333,0.333333333333333
"427","Indiana Fever",11,6,5,2015,8037.47619047619,0.545454545454545
"428","Minnesota Lynx",10,7,3,2015,9885.13043478261,0.7
"429","New York Liberty",6,3,3,2015,9162.80952380952,0.5
"430","Washington Mystics",3,1,2,2015,7653.05555555556,0.333333333333333
"431","Chicago Sky",5,2,3,2016,6596.4,0.4
"432","Phoenix Mercury",5,2,3,2016,10310.8888888889,0.4
"433","Atlanta Dream",2,1,1,2016,5443.55555555556,0.5
"434","Indiana Fever",1,0,1,2016,8447.38888888889,0
"435","New York Liberty",1,0,1,2016,9751.5,0
"436","Minnesota Lynx",8,5,3,2016,10128.5,0.625
"437","Los Angeles Sparks",9,6,3,2016,9360.28571428571,0.666666666666667
"438","Seattle Storm",1,0,1,2016,7230.11764705882,0
"439","Dallas Wings",1,0,1,2017,3872,0
"440","Los Angeles Sparks",8,5,3,2017,11044.9047619048,0.625
"441","Connecticut Sun",1,0,1,2017,6821.66666666667,0
"442","Minnesota Lynx",8,6,2,2017,10530.6818181818,0.75
"443","Phoenix Mercury",5,2,3,2017,9806.47368421053,0.4
"444","Seattle Storm",1,0,1,2017,7704.41176470588,0
"445","New York Liberty",1,0,1,2017,9869.16666666667,0
"446","Washington Mystics",5,2,3,2017,7712.8947368421,0.4
"447","Atlanta Dream",5,2,3,2018,4231.95,0.4
"448","Connecticut Sun",1,0,1,2018,6753.83333333333,0
"449","Phoenix Mercury",7,4,3,2018,9872.35,0.571428571428571
"450","Washington Mystics",9,4,5,2018,5923.85,0.444444444444444
"451","Seattle Storm",8,6,2,2018,8723.09090909091,0.75
"452","Dallas Wings",1,0,1,2018,4751.88235294118,0
"453","Los Angeles Sparks",2,1,1,2018,10528.2222222222,0.5
"454","Minnesota Lynx",1,0,1,2018,NA,0
"455","Chicago Sky",2,1,1,2019,6709.38888888889,0.5
"456","Phoenix Mercury",1,0,1,2019,10192.5294117647,0
"457","Las Vegas Aces",5,2,3,2019,4949.7,0.4
"458","Minnesota Lynx",1,0,1,2019,9068.82352941176,0
"459","Los Angeles Sparks",4,1,3,2019,10805.5263157895,0.25
"460","Connecticut Sun",8,5,3,2019,7099.09523809524,0.625
"461","Seattle Storm",2,1,1,2019,7419.94444444444,0.5
"462","Washington Mystics",9,6,3,2019,4457.09090909091,0.666666666666667
"463","Seattle Storm",6,6,0,2020,NA,1
"464","Minnesota Lynx",4,1,3,2020,NA,0.25
"465","Phoenix Mercury",2,1,1,2020,NA,0.5
"466","Las Vegas Aces",8,3,5,2020,NA,0.375
"467","Washington Mystics",1,0,1,2020,NA,0
"468","Connecticut Sun",7,4,3,2020,NA,0.571428571428571
"469","Chicago Sky",1,0,1,2020,NA,0
"470","Los Angeles Sparks",1,0,1,2020,NA,0
"471","Minnesota Lynx",1,0,1,2021,2792.52941176471,0
"472","Las Vegas Aces",5,2,3,2021,3850.36842105263,0.4
"473","Phoenix Mercury",11,6,5,2021,6744.42857142857,0.545454545454545
"474","Seattle Storm",1,0,1,2021,2770,0
"475","Chicago Sky",10,8,2,2021,4244.94736842105,0.8
"476","Dallas Wings",1,0,1,2021,2101.0625,0
"477","Connecticut Sun",4,1,3,2021,3205.44444444444,0.25
"478","New York Liberty",1,0,1,2021,1757.0625,0
"479","New York Liberty",3,1,2,2022,5458.8947368421,0.333333333333333
"480","Chicago Sky",8,4,4,2022,7381.60869565217,0.5
"481","Phoenix Mercury",2,0,2,2022,7973.88888888889,0
"482","Connecticut Sun",12,6,6,2022,6158.875,0.5
"483","Las Vegas Aces",10,8,2,2022,6617.41666666667,0.8
"484","Seattle Storm",6,3,3,2022,10887.8636363636,0.5
"485","Dallas Wings",3,1,2,2022,3852.47368421053,0.333333333333333
"486","Washington Mystics",2,0,2,2022,3982.55555555556,0
"487","Atlanta Dream",2,0,2,2023,2995.73684210526,0
"488","Dallas Wings",5,2,3,2023,4735.34782608696,0.4
"489","Chicago Sky",2,0,2,2023,7241.7,0
"490","Las Vegas Aces",9,8,1,2023,9713.57692307692,0.888888888888889
"491","Washington Mystics",2,0,2,2023,4390.65,0
"492","New York Liberty",10,6,4,2023,8731.73076923077,0.6
"493","Connecticut Sun",7,3,4,2023,6415.375,0.428571428571429
"494","Minnesota Lynx",3,1,2,2023,7822.04761904762,0.333333333333333
